,Total Cohort (Mean),Total Cohort (Std),% Nans,Survivors (Mean),Survivors (Median),Survivors (Min),Survivors (Max),Non-Survivors (Mean),Non-Survivors (Median),Non-Survivors (Min),Non-Survivors (Max),p-value_raw,Significant,p-value,corr_with_target,Type,outliers_count,outliers_pct
age,67.28547987616099,16.11824078776097,0.0,66.35957170923379,67.32,18.02,91.4,69.0559053343351,70.73,20.58,91.4,4.669967166300268e-07,True,4.67e-07,0.07944401263660497,Categorical,11,0.2837977296181631
length_of_stay_days,15.114293085655314,17.280399996588127,0.0,15.985461689587426,11.0,0.0,294.0,13.448534936138241,8.0,0.0,206.0,2.353418378622142e-05,True,2.35e-05,-0.06972031181908,Categorical,217,5.598555211558308
vasopressor,0.7211042311661506,0.4485140121206295,0.0,0.6557956777996071,1.0,0.0,1.0,0.8459804658151766,1.0,0.0,1.0,7.24515141824344e-43,True,7.25e-43,0.20015104004345283,Numerical,0,0.0
mechanical_ventilation,0.5606295149638802,0.4963744850564891,0.0,0.47426326129666013,0.0,0.0,1.0,0.7257700976709242,1.0,0.0,1.0,3.1885865976617295e-55,True,3.19e-55,0.2395731329508655,Numerical,0,0.0
rrt_dialysis,0.15479876160990713,0.36175940785290955,0.0,0.12180746561886051,0.0,0.0,1.0,0.21788129226145755,0.0,0.0,1.0,2.488343036021692e-13,True,2.49e-13,0.12435340533776544,Numerical,600,15.479876160990713
Lab_Alanine Aminotransferase (ALT)_max,170.7855598789451,643.9555925734459,40.3250773993808,134.22683923705722,36.0,1.0,16270.0,234.298224852071,41.0,3.0,11732.0,0.0007899813182817784,True,7.90e-04,0.07484514686381077,Categorical,294,7.5851393188854495
Lab_Albumin_max,2.7482682792743267,0.601758536397662,53.07017543859649,2.7924740484429065,2.8,1.2,5.3,2.6711915535444946,2.6,1.1,4.5,6.350359485925603e-05,True,6.35e-05,-0.09702826255604445,Categorical,8,0.20639834881320948
Lab_Alkaline Phosphatase_max,158.70449585333915,182.4018728161878,40.89267285861713,149.1348933241569,102.0,18.0,1985.0,175.29713603818615,111.5,17.0,2520.0,0.002060754851651153,True,2.06e-03,0.06909875269314308,Categorical,206,5.314757481940145
Lab_Anion Gap_max,16.45030479724357,4.923592546130157,2.6573787409700724,15.686925229908036,15.0,7.0,37.0,17.95125786163522,17.0,6.0,53.0,5.388975535940854e-32,True,5.39e-32,0.217434911844558,Categorical,107,2.760577915376677
Lab_Asparate Aminotransferase (AST)_max,310.71218668971477,1187.198463650983,40.29927760577915,207.28766189502386,47.0,7.0,18040.0,489.8429752066116,67.0,4.0,17550.0,1.6508330585157706e-06,True,1.65e-06,0.11467464936331734,Categorical,320,8.25593395252838
Lab_Base Excess_max,-2.0975,5.335793274741753,38.080495356037154,-1.6696428571428572,-2.0,-20.0,23.0,-2.9038461538461537,-2.0,-26.0,24.0,8.862668253426779e-07,True,8.86e-07,-0.11010363427497857,Categorical,152,3.9215686274509802
Lab_Basophils_max,0.19297987236131567,0.46342112763626797,47.44582043343653,0.20114942528735633,0.1,0.0,14.0,0.1753488372093023,0.0,0.0,3.0,0.16760126015462243,False,1.68e-01,0.07325940286584998,Numerical,187,4.824561403508771
Lab_Bicarbonate_max,22.594279661016948,4.973903724684595,2.5799793601651184,22.753298680527788,23.0,8.0,46.0,22.28235294117647,22.0,6.0,50.0,0.009978110560705676,True,9.98e-03,-0.044782771224996826,Categorical,78,2.0123839009287927
"Lab_Calcium, Total_max",8.133542063708141,0.9295657526470771,5.23735810113519,8.074887156339763,8.0,5.5,13.7,8.249190938511326,8.2,3.8,27.4,2.329730121089563e-06,True,2.33e-06,0.08861390911618705,Categorical,98,2.5283797729618165
Lab_Calculated Total CO2_max,24.03625,5.965226671414135,38.080495356037154,24.269770408163264,24.0,9.0,52.0,23.596153846153847,23.0,8.0,53.0,0.012972597968547418,True,1.30e-02,-0.05375263430567568,Categorical,64,1.6511867905056758
Lab_Creatine Kinase (CK)_max,1223.7636072572038,9562.99768627036,51.651186790505676,881.4490968801314,152.5,9.0,193280.0,1859.341463414634,130.0,9.0,223800.0,0.08419519753935305,False,8.42e-02,0.04878865966181336,Categorical,253,6.52734778121775
"Lab_Creatine Kinase, MB Isoenzyme_max",19.0281660899654,43.27707984187459,62.71929824561403,16.843949044585987,6.0,1.0,484.0,23.11868787276342,8.0,1.0,487.0,0.015696673516237776,True,1.57e-02,0.06909229665941605,Categorical,173,4.463364293085656
Lab_Eosinophils_max,0.8042218949435443,2.4066218907834434,47.44582043343653,0.7363505747126436,0.1,0.0,38.0,0.9506976744186048,0.1,0.0,55.6,0.12018136243493667,False,1.20e-01,0.04144048431730769,Categorical,169,4.360165118679051
Lab_Free Calcium_max,1.1321080026024724,0.1537067394922674,60.34571723426213,1.1304507337526206,1.13,0.72,2.8,1.134819897084048,1.11,0.67,2.98,0.6211327923266016,False,6.21e-01,0.013796892901638711,Categorical,91,2.3477812177502577
Lab_Hematocrit_max,32.517664194915255,5.3516414959813785,2.5799793601651184,32.36533386645342,31.9,19.7,58.2,32.8164705882353,32.3,19.1,60.5,0.017658152893488436,True,1.77e-02,0.03987113826136795,Categorical,57,1.4705882352941175
Lab_Hemoglobin_max,10.68134009610251,1.8506236579296909,3.3539731682146545,10.658702659145849,10.5,5.6,19.1,10.725791139240506,10.6,6.1,19.7,0.3021406210383715,False,3.02e-01,0.017143301816368254,Categorical,54,1.393188854489164
Lab_INR(PT)_max,2.0405199746353837,1.8053749916643327,18.627450980392158,1.8883641674780915,1.4,0.9,36.3,2.3246363636363636,1.7,0.9,21.5,2.2258735595013218e-09,True,2.23e-09,0.11518444820746492,Categorical,324,8.359133126934983
Lab_Lactate_max,3.310029509406123,3.0963337085258176,30.056759545923633,2.5663743948359334,2.0,0.5,13.4,4.932629107981221,3.3,0.6,29.3,1.135979246070477e-46,True,1.14e-46,0.354832849821933,Categorical,221,5.701754385964912
Lab_Lactate Dehydrogenase (LD)_max,611.4917672886937,1748.5495967041588,52.99277605779154,423.4253666954271,259.0,56.0,16760.0,940.2533936651583,340.0,48.0,51090.0,1.214710389056639e-06,True,1.21e-06,0.14224513589095475,Categorical,201,5.185758513931889
Lab_Lymphocytes_max,10.40844378988709,12.45619347069474,47.44582043343653,9.623850574712643,7.1,0.0,100.0,12.10170542635659,7.7,0.0,98.0,0.00020494639732744044,True,2.05e-04,0.09255621603419313,Categorical,139,3.5861713106295148
Lab_MCH_max,30.380240320427237,2.9223597269765667,3.3797729618163053,30.23933897621927,30.3,16.6,41.4,30.656803797468353,30.6,20.4,46.1,7.252318480748508e-05,True,7.25e-05,0.06755839108758907,Categorical,157,4.050567595459236
Lab_MCHC_max,33.36217298451682,1.6661500686442514,3.3539731682146545,33.438033843674454,33.5,26.5,45.8,33.21321202531646,33.2,27.0,39.4,0.00016321526621583323,True,1.63e-04,-0.06381003292819333,Categorical,38,0.9803921568627451
Lab_MCV_max,91.96408544726302,8.058453309183246,3.3797729618163053,91.23405884723903,91.0,60.0,120.0,93.39699367088608,93.0,64.0,139.0,1.2539294534265998e-13,True,1.25e-13,0.12693600534717725,Categorical,147,3.7925696594427247
Lab_Monocytes_max,4.4588610702012765,3.989623855169549,47.44582043343653,4.328520114942529,3.4,0.0,57.0,4.74015503875969,4.0,0.0,47.0,0.034494337765347896,True,3.45e-02,0.0480059795261354,Categorical,95,2.450980392156863
Lab_Neutrophils_max,78.25974472263131,18.363219986289465,47.44582043343653,80.04777298850574,84.2,0.0,99.0,74.40093023255814,82.0,0.0,98.0,8.38447517808691e-09,True,8.38e-09,-0.14307769369317355,Categorical,145,3.740970072239422
Lab_Oxygen Saturation_max,88.09188846641318,25.824435251100564,59.28792569659442,87.50998080614202,93.0,1.4,969.0,89.2231343283582,96.0,30.0,100.0,0.1169561885652349,False,1.17e-01,0.031427682637895984,Categorical,15,0.38699690402476783
Lab_PT_max,20.029898541534557,12.423064225856761,18.627450980392158,18.977312560856866,15.6,10.3,150.0,21.99536363636364,17.35,10.9,150.0,2.4195292689776404e-09,True,2.42e-09,0.11579814092037334,Categorical,341,8.797729618163054
Lab_PTT_max,46.413549007046754,29.041665352705014,19.453044375644996,43.52204724409449,34.9,20.2,150.0,51.80394495412844,39.4,18.9,158.4,1.0490957087314394e-12,True,1.05e-12,0.13596280399224261,Categorical,340,8.771929824561402
Lab_Phosphate_max,4.110778443113772,1.7133222784877913,5.21155830753354,3.8052006552006548,3.5,0.4,17.9,4.716477272727273,4.3,0.1,16.3,3.439266951415277e-44,True,3.44e-44,0.25113619407552673,Categorical,177,4.56656346749226
Lab_Protein_max,85.24074074074075,115.65516098083367,79.10216718266254,80.99442379182156,30.0,25.0,500.0,93.63970588235294,30.0,25.0,500.0,0.16308790287234778,False,1.63e-01,0.0,Numerical,71,1.8317853457172344
Lab_RDW_max,16.16795727636849,2.425569084316023,3.3797729618163053,15.806972994760176,15.3,11.7,29.7,16.87650316455696,16.5,11.8,30.9,3.6003499670230826e-34,True,3.60e-34,0.2085318899618461,Categorical,105,2.708978328173375
Lab_Specific Gravity_max,1.0173743243243243,0.008355338663740433,59.907120743034056,1.0173606829268291,1.015,1.002,1.05,1.017400756143667,1.016,1.004,1.05,0.9289851179529792,False,9.29e-01,0.002273362450123063,Categorical,74,1.9091847265221877
Lab_Temperature_max,37.399279279279284,1.1817571497641612,57.04334365325078,37.46850828729282,37.4,26.7,41.1,37.26943005181347,37.2,32.8,42.1,0.0016058371332935534,True,1.61e-03,-0.08025386532465346,Categorical,29,0.7481940144478844
Lab_Troponin T_max,0.607941585535466,1.9361911377357077,62.899896800825594,0.46905331882480955,0.1,0.01,15.39,0.8538728323699422,0.13,0.01,24.74,0.0026138939550010964,True,2.61e-03,0.0954866079546773,Categorical,206,5.314757481940145
Lab_White Blood Cells_max,15.66653159157558,13.190562296591796,3.2249742002063986,15.508027375201289,13.6,0.1,186.6,15.977284925019733,13.1,0.1,462.6,0.3820872219019975,False,3.82e-01,0.01682762776114325,Categorical,142,3.663570691434469
Lab_pCO2_max,46.34125,15.568235371563796,38.080495356037154,45.14732142857143,43.0,14.0,159.0,48.59134615384615,45.0,16.0,231.0,3.3526811947933385e-06,True,3.35e-06,0.10530301821802986,Categorical,123,3.1733746130030958
Lab_pH_max,7.122505862646566,0.7124848561834033,22.987616099071207,7.134261624936126,7.37,5.0,9.0,7.1001264591439694,7.35,5.0,9.0,0.21538686673495405,False,2.15e-01,-0.022769147562096918,Categorical,527,13.596491228070176
Lab_pO2_max,174.19875,107.40879240262302,38.080495356037154,171.6906887755102,146.0,19.0,589.0,178.92548076923077,145.0,19.0,597.0,0.1227903016377291,False,1.23e-01,0.032062705275202906,Categorical,78,2.0123839009287927
Lab_Alanine Aminotransferase (ALT)_mean,148.52106355382622,534.0508336420295,40.3250773993808,121.86861716621252,34.0,1.0,13883.33,194.82377514792898,40.0,2.5,7181.33,0.0023892724270285115,True,2.39e-03,0.06579350997723864,Categorical,285,7.352941176470589
Lab_Albumin_mean,2.7150027487630566,0.5966604324149556,53.07017543859649,2.761392733564014,2.725,1.2,5.3,2.6341176470588237,2.6,1.05,4.5,2.1771980710675276e-05,True,2.18e-05,-0.1026924593181011,Categorical,9,0.23219814241486067
Lab_Alkaline Phosphatase_mean,153.6754604975993,174.72953083183017,40.89267285861713,144.7557880247763,99.0,18.0,1937.5,169.14119331742245,109.0,17.0,2126.6,0.0025136945252692317,True,2.51e-03,0.06723388361134293,Categorical,206,5.314757481940145
Lab_Anion Gap_mean,15.272297906175458,4.247680584023516,2.6573787409700724,14.554122351059576,14.0,7.0,31.75,16.684371069182387,16.0,6.0,50.6,1.9272679894195407e-37,True,1.93e-37,0.23710986223478153,Categorical,166,4.282765737874096
Lab_Asparate Aminotransferase (AST)_mean,250.68450734658597,877.6136313461844,40.29927760577915,174.3247511929107,45.0,6.5,13943.33,382.9392443919717,64.0,4.0,10643.33,1.035287236320875e-06,True,1.04e-06,0.11453240632186028,Categorical,305,7.868937048503612
Lab_Base Excess_mean,-4.0749249999999995,5.5642681034895745,38.080495356037154,-3.313501275510204,-3.0,-20.0,20.0,-5.509915865384615,-5.2,-28.2,17.67,3.330064456136915e-17,True,3.33e-17,-0.18789716171402487,Categorical,41,1.0577915376676987
Lab_Basophils_mean,0.16423171330387823,0.3241783649387525,47.44582043343653,0.16854166666666667,0.1,0.0,7.0,0.15493023255813954,0.0,0.0,3.0,0.35193697556377623,False,3.52e-01,-0.01953596782250812,Categorical,144,3.7151702786377707
Lab_Bicarbonate_mean,21.51199947033898,5.060555800273506,2.5799793601651184,21.722982806877248,21.5,7.0,42.0,21.098141176470588,21.0,6.0,45.0,0.0008368856290246703,True,8.37e-04,-0.05839951043404639,Categorical,55,1.4189886480908152
"Lab_Calcium, Total_mean",7.905058535257282,0.865384108241589,5.23735810113519,7.858732047599507,7.8,4.9,13.48,7.996399676375406,7.95,3.8,16.6,2.799544740472683e-05,True,2.80e-05,0.07517927201333066,Categorical,79,2.038183694530444
Lab_Calculated Total CO2_mean,22.13013333333333,5.730333486485164,38.080495356037154,22.637340561224494,22.0,8.0,50.5,21.17424278846154,21.0,6.5,47.6,1.262417345560286e-08,True,1.26e-08,-0.12153668863473359,Categorical,53,1.3673890608875128
Lab_Creatine Kinase (CK)_mean,981.5631643543222,7128.39813120504,51.651186790505676,741.2687274220033,137.0,8.5,163323.33,1427.7196036585367,119.0,8.5,163840.0,0.09436195689109515,False,9.44e-02,0.04594512082155165,Categorical,254,6.553147574819401
"Lab_Creatine Kinase, MB Isoenzyme_mean",16.04773010380623,33.650784452817504,62.71929824561403,14.48167728237792,6.0,1.0,450.0,18.980576540755468,7.0,1.0,289.0,0.020929807042685548,True,2.09e-02,0.0637093243500401,Categorical,164,4.231166150670795
Lab_Eosinophils_mean,0.7371919489445262,2.339212768056287,47.44582043343653,0.6821408045977011,0.1,0.0,38.0,0.8560000000000002,0.1,0.0,55.6,0.19406500355219766,False,1.94e-01,0.03458143518880499,Categorical,242,6.243550051599587
Lab_Free Calcium_mean,1.084202992843201,0.10490462144449104,60.34571723426213,1.0893396226415095,1.09,0.72,1.5,1.0757975986277875,1.08,0.67,1.86,0.022796714904059788,True,2.28e-02,-0.06265631970574446,Categorical,69,1.780185758513932
Lab_Hematocrit_mean,31.218487817796614,5.133707372023975,2.5799793601651184,31.12482207117153,30.63,17.1,55.25,31.40221960784314,30.77,17.06,57.2,0.12626502394988243,False,1.26e-01,0.02555694615240938,Categorical,54,1.393188854489164
Lab_Hemoglobin_mean,10.319319273892152,1.763270535420197,3.3539731682146545,10.314750201450442,10.18,5.55,18.15,10.328291139240505,10.17,5.62,19.0,0.8263516772496137,False,8.26e-01,0.0036315700054947255,Categorical,50,1.2899896800825592
Lab_INR(PT)_mean,1.8696036778693723,1.3530312264370383,18.627450980392158,1.758987341772152,1.4,0.9,28.13,2.0761545454545454,1.6,0.9,16.7,1.99918777003806e-09,True,2.00e-09,0.11173370139104405,Categorical,335,8.642930856553148
Lab_Lactate_mean,2.66530062707488,2.3520987040617696,30.056759545923633,2.0759924690693925,1.7,0.5,10.3,3.9511267605633797,2.615,0.6,26.27,8.805474796353217e-49,True,8.81e-49,0.3701578137644423,Categorical,239,6.166150670794634
Lab_Lactate Dehydrogenase (LD)_mean,551.9794785949506,1478.560583395148,52.99277605779154,385.19495254529767,253.0,56.0,11116.67,843.5379487179488,326.0,48.0,44466.67,4.824297044182028e-07,True,4.82e-07,0.14918350211672513,Categorical,202,5.21155830753354
Lab_Lymphocytes_mean,9.862920962199311,12.07597963095692,47.44582043343653,9.102011494252874,6.8,0.0,100.0,11.50506976744186,7.3,0.0,96.5,0.00020985674875240471,True,2.10e-04,0.09258849060605281,Categorical,129,3.3281733746130033
Lab_MCH_mean,30.160491321762347,2.882922607472351,3.3797729618163053,30.025558242644095,30.1,16.55,40.7,30.42534018987342,30.4,20.33,45.63,0.00011686335858877046,True,1.17e-04,0.0655817925683993,Categorical,172,4.437564499484004
Lab_MCHC_mean,33.053278163374266,1.5910024838591157,3.3539731682146545,33.14156325543916,33.2,26.45,44.8,32.87992088607595,32.96,27.0,39.4,4.595638639905116e-06,True,4.60e-06,-0.07776816358961576,Categorical,51,1.3157894736842104
Lab_MCV_mean,91.32802670226968,7.890655441759506,3.3797729618163053,90.6662515114873,90.5,59.25,120.0,92.62696993670885,92.0,63.0,137.33,6.071287652703955e-12,True,6.07e-12,0.11751552318787489,Categorical,104,2.683178534571723
Lab_Monocytes_mean,4.16567501227295,3.686203889419333,47.44582043343653,4.060775862068966,3.2,0.0,48.0,4.3920620155038765,3.5,0.0,37.0,0.06055869933323741,False,6.06e-02,0.04181566472111945,Categorical,119,3.070175438596491
Lab_Neutrophils_mean,77.19572410407461,18.69616693557745,47.44582043343653,79.00703304597701,83.35,0.0,99.0,73.28666666666666,81.0,0.0,97.5,9.071746662803268e-09,True,9.07e-09,-0.1423594632698126,Categorical,149,3.8441692466460267
Lab_Oxygen Saturation_mean,83.28140050697085,13.344888006050345,59.28792569659442,82.8431669865643,84.0,1.4,234.17,84.13333955223881,87.0,30.0,99.0,0.0649457706935356,False,6.49e-02,0.04580150803649821,Categorical,13,0.3353973168214654
Lab_PT_mean,18.826613823715917,9.600253046598162,18.627450980392158,18.032166504381696,15.3,9.8,136.13,20.310063636363637,16.8,10.9,150.0,2.2087851349824713e-09,True,2.21e-09,0.11309806110469929,Categorical,319,8.23013415892673
Lab_PTT_mean,41.276210762331836,19.869585308644314,19.453044375644996,39.12284940944881,33.9,20.2,150.0,45.29055045871559,38.025,18.9,150.0,1.5276122041853056e-14,True,1.53e-14,0.14799473964849105,Categorical,274,7.069143446852426
Lab_Phosphate_mean,3.7648094719651604,1.52132074290246,5.21155830753354,3.478611793611794,3.29,0.4,12.7,4.332094155844155,3.95,0.1,13.9,7.455237418220534e-50,True,7.46e-50,0.26489386941766163,Categorical,160,4.12796697626419
Lab_Protein_mean,81.97941975308642,109.0106799285107,79.10216718266254,78.24968401486989,30.0,25.0,500.0,89.35661764705883,30.0,25.0,500.0,0.19051230811159173,False,1.91e-01,0.0,Numerical,68,1.7543859649122806
Lab_RDW_mean,16.033022696929237,2.3751151222138476,3.3797729618163053,15.681459089076984,15.25,11.65,29.12,16.723077531645572,16.355,11.8,29.95,8.04909868836548e-34,True,8.05e-34,0.20740397902855423,Categorical,95,2.450980392156863
Lab_Specific Gravity_mean,1.0179021879021877,0.008513507035029781,59.907120743034056,1.0179024390243903,1.02,1.0,1.05,1.0179017013232514,1.02,1.0,1.05,0.9987082666812135,False,9.99e-01,0.0,Numerical,67,1.7285861713106296
Lab_Temperature_mean,37.017027027027034,1.0701074329894604,57.04334365325078,37.12096685082872,37.1,26.7,41.1,36.822072538860105,36.8,32.8,40.1,1.456341891391937e-07,True,1.46e-07,-0.13306403363575137,Categorical,39,1.0061919504643964
Lab_Troponin T_mean,0.5200278164116828,1.603616172508749,62.899896800825594,0.4072905331882481,0.09,0.01,12.58,0.7196531791907514,0.12,0.01,24.2,0.0029581610281650896,True,2.96e-03,0.09358198934876442,Categorical,198,5.108359133126935
Lab_White Blood Cells_mean,14.241197014129565,11.47382905369614,3.2249742002063986,14.094227053140095,12.4,0.1,172.2,14.529337016574587,12.07,0.1,386.7,0.3467244939182361,False,3.47e-01,0.017937651838040268,Categorical,128,3.3023735810113517
Lab_pCO2_mean,40.429608333333334,10.623182990686901,38.080495356037154,40.0375,39.0,13.5,88.42,41.168581730769226,39.0,16.0,118.0,0.022872458998847597,True,2.29e-02,0.05068194493041575,Categorical,112,2.8895768833849327
Lab_pH_mean,6.8937420435510885,0.6921622930140665,22.987616099071207,6.899049565661727,7.2,5.0,9.0,6.88363813229572,7.13,5.0,8.5,0.5607555888387654,False,5.61e-01,-0.010581701087640456,Categorical,314,8.101135190918471
Lab_pO2_mean,118.07565833333332,58.89773280755989,38.080495356037154,118.05557397959184,107.8,19.0,516.0,118.11350961538461,102.85499999999999,19.0,440.0,0.9821253767639881,False,9.82e-01,0.00046823206069472725,Categorical,112,2.8895768833849327
Lab_Alanine Aminotransferase (ALT)_min,125.92001729355815,446.91486856208667,40.3250773993808,108.79427792915531,33.0,1.0,12020.0,155.67218934911241,37.0,1.0,5994.0,0.016059069018066367,True,1.61e-02,0.05051880878157383,Categorical,284,7.327141382868938
Lab_Albumin_min,2.681583287520616,0.6061533751980571,53.07017543859649,2.7296712802768166,2.7,1.2,5.3,2.597737556561086,2.5,1.0,4.5,1.3909398977991004e-05,True,1.39e-05,-0.10478417169794477,Categorical,10,0.2579979360165119
Lab_Alkaline Phosphatase_min,148.91837625491053,168.35361741354694,40.89267285861713,140.71782518926358,97.0,13.0,1937.0,163.13723150357995,105.5,13.0,1969.0,0.003632927125316121,True,3.63e-03,0.06415436136822297,Categorical,204,5.263157894736842
Lab_Anion Gap_min,14.121388815266366,4.006370984200766,2.6573787409700724,13.453818472610955,13.0,-4.0,31.0,15.433962264150944,15.0,4.0,47.0,1.921228189220825e-37,True,1.92e-37,0.23367740625912517,Categorical,150,3.8699690402476783
Lab_Asparate Aminotransferase (AST)_min,194.23898012100258,662.240786262862,40.29927760577915,140.2788002726653,43.0,5.0,11570.0,287.69775678866586,60.0,4.0,9210.0,3.509830261064376e-06,True,3.51e-06,0.10725676068794224,Categorical,280,7.223942208462332
Lab_Base Excess_min,-6.08375,6.682091008504424,38.080495356037154,-5.014030612244898,-5.0,-30.0,19.0,-8.099759615384615,-8.0,-33.0,13.0,5.0835087862354643e-23,True,5.08e-23,-0.219816021730816,Categorical,44,1.1351909184726523
Lab_Basophils_min,0.13676975945017184,0.2682768496965324,47.44582043343653,0.1369971264367816,0.0,0.0,3.0,0.13627906976744186,0.0,0.0,3.0,0.956709238015922,False,9.57e-01,0.06849798455085687,Numerical,126,3.2507739938080498
Lab_Bicarbonate_min,20.42282838983051,5.489237445510207,2.5799793601651184,20.68092762894842,20.0,5.0,42.0,19.916549019607842,20.0,5.0,45.0,0.0001707379336191471,True,1.71e-04,-0.06586185755039549,Categorical,46,1.1867905056759547
"Lab_Calcium, Total_min",7.67296487884563,0.9724339749514174,5.23735810113519,7.63508411981945,7.6,4.0,13.3,7.747653721682848,7.8,1.8,16.6,0.0021771608261386788,True,2.18e-03,0.05470615677991885,Categorical,100,2.5799793601651184
Lab_Calculated Total CO2_min,20.32125,6.174863196375745,38.080495356037154,21.03188775510204,21.0,4.0,50.0,18.981971153846153,19.0,2.0,43.0,1.3659959881275054e-13,True,1.37e-13,-0.1580239086949238,Categorical,28,0.7223942208462332
Lab_Creatine Kinase (CK)_min,741.145144076841,4945.032641357402,51.651186790505676,596.2610837438424,117.0,8.0,124660.0,1010.1524390243902,103.5,8.0,96430.0,0.13153008874436362,False,1.32e-01,0.03993365621820971,Categorical,245,6.32094943240454
"Lab_Creatine Kinase, MB Isoenzyme_min",12.953425605536333,26.85897503349487,62.71929824561403,12.019108280254777,5.0,1.0,450.0,14.703180914512922,6.0,1.0,289.0,0.07208146025016655,False,7.21e-02,0.04762080717389805,Categorical,164,4.231166150670795
Lab_Eosinophils_min,0.6732940598919981,2.3096393203713554,47.44582043343653,0.6308189655172413,0.1,0.0,38.0,0.7649612403100775,0.0,0.0,55.6,0.3092508874665378,False,3.09e-01,0.027023187582447487,Categorical,251,6.475748194014448
Lab_Free Calcium_min,1.0364606376057255,0.1280831889822147,60.34571723426213,1.0469182389937108,1.05,0.45,1.5,1.0193481989708404,1.03,0.55,1.86,0.0001244724162593827,True,1.24e-04,-0.10447711886855851,Categorical,87,2.244582043343653
Lab_Hematocrit_min,29.89647775423729,5.4781565796377425,2.5799793601651184,29.84402239104358,29.6,7.3,52.3,29.999372549019604,29.5,8.7,54.6,0.42061071043926745,False,4.21e-01,0.01341265412064497,Categorical,49,1.2641898864809082
Lab_Hemoglobin_min,9.951227976508276,1.8368036432474895,3.3539731682146545,9.961482675261886,9.9,2.9,17.2,9.931091772151898,9.7,3.6,18.3,0.6365149938502764,False,6.37e-01,-0.007824300144074814,Categorical,46,1.1867905056759547
Lab_INR(PT)_min,1.7296766011414075,1.1000738478416405,18.627450980392158,1.6460077896786758,1.4,0.8,18.8,1.885909090909091,1.5,0.6,16.4,2.8453390766053264e-08,True,2.85e-08,0.10394760696667475,Categorical,302,7.791537667698659
Lab_Lactate_min,2.07649575802287,1.814830754584696,30.056759545923633,1.6468692845615924,1.4,0.3,8.3,3.0139084507042253,2.1,0.1,24.6,3.4750344823940673e-42,True,3.48e-42,0.34974773863430575,Categorical,210,5.41795665634675
Lab_Lactate Dehydrogenase (LD)_min,499.45938529088914,1311.6671184397771,52.99277605779154,348.90681622088005,242.0,38.0,8690.0,762.6425339366516,309.0,48.0,40050.0,3.6893925953030857e-07,True,3.69e-07,0.15179892865692357,Categorical,202,5.21155830753354
Lab_Lymphocytes_min,9.323171330387826,11.884320172780509,47.44582043343653,8.580316091954023,6.0,0.0,100.0,10.926356589147288,6.8,0.0,96.0,0.00023483660794818885,True,2.35e-04,0.09184938118966643,Categorical,123,3.1733746130030958
Lab_MCH_min,29.939839786381842,2.872079336981213,3.3797729618163053,29.811406690850465,29.9,16.5,40.0,30.191930379746836,30.2,20.0,45.0,0.00022998551400217897,True,2.30e-04,0.06265826336749479,Categorical,158,4.076367389060888
Lab_MCHC_min,32.741190603310194,1.6089896231649234,3.3539731682146545,32.84081385979049,32.9,26.4,43.8,32.54556962025317,32.6,25.5,39.4,3.345988726944047e-07,True,3.35e-07,-0.08677463942415227,Categorical,94,2.4251805985552117
Lab_MCV_min,90.71279038718292,7.843699451440211,3.3797729618163053,90.11100362756953,90.0,58.0,120.0,91.89398734177215,91.0,62.0,136.0,2.9404321953891295e-10,True,2.94e-10,0.10750273664890847,Categorical,134,3.4571723426212593
Lab_Monocytes_min,3.885125184094256,3.5845621903932217,47.44582043343653,3.805100574712644,3.0,0.0,39.0,4.057829457364341,3.0,0.0,37.0,0.13695636033377423,False,1.37e-01,0.032804530865614225,Categorical,111,2.863777089783282
Lab_Neutrophils_min,76.1074619538537,19.483150074520236,47.44582043343653,77.95186781609195,82.8,0.0,99.0,72.12697674418605,80.0,0.0,97.5,1.6483970798747785e-08,True,1.65e-08,-0.13910530924862924,Categorical,155,3.9989680082559342
Lab_Oxygen Saturation_min,77.81917617237009,15.606986861328469,59.28792569659442,77.94190019193857,78.0,1.06,100.0,77.58059701492537,79.0,25.0,99.0,0.6762260041067143,False,6.76e-01,-0.010967297488432264,Categorical,8,0.20639834881320948
Lab_PT_min,17.85890615091947,8.347807624927123,18.627450980392158,17.250043816942554,15.0,8.4,119.2,18.99581818181818,16.2,8.8,150.0,1.0826840862305906e-07,True,1.08e-07,0.09968261263458104,Categorical,314,8.101135190918471
Lab_PTT_min,36.94974375400385,15.876083798641293,19.453044375644996,35.3802657480315,32.2,18.2,150.0,39.87559633027523,35.3,18.0,150.0,4.040687790402744e-12,True,4.04e-12,0.1349988345849464,Categorical,204,5.263157894736842
Lab_Phosphate_min,3.424414806750136,1.4734625032180204,5.21155830753354,3.157534807534808,3.0,0.4,12.5,3.953409090909091,3.7,0.1,13.9,7.4294446614642635e-47,True,7.43e-47,0.25503719724023516,Categorical,127,3.2765737874097005
Lab_Protein_min,78.88271604938272,107.42671551554716,79.10216718266254,75.54832713754647,30.0,25.0,500.0,85.4779411764706,30.0,25.0,500.0,0.23520787978669314,False,2.35e-01,0.016286489781802572,Numerical,60,1.5479876160990713
Lab_RDW_min,15.897890520694258,2.3498689120053826,3.3797729618163053,15.5546553808948,15.1,11.5,28.8,16.571598101265824,16.2,11.8,29.0,4.852619774343088e-33,True,4.85e-33,0.20466611422727146,Categorical,108,2.786377708978328
Lab_Specific Gravity_min,1.0168498712998713,0.00811544460058735,59.907120743034056,1.0168367804878047,1.015,1.002,1.05,1.0168752362948958,1.015,1.004,1.05,0.929163459465758,False,9.29e-01,0.0022460951327346133,Categorical,73,1.8833849329205368
Lab_Temperature_min,36.629849849849855,1.2261686101896683,57.04334365325078,36.76123388581952,36.7,18.9,41.1,36.38341968911917,36.4,31.1,40.1,3.314231070571717e-09,True,3.31e-09,-0.14679068375788296,Categorical,81,2.089783281733746
Lab_Troponin T_min,0.42584144645340755,1.362962289171936,62.899896800825594,0.342480957562568,0.08,0.01,10.44,0.5734489402697495,0.11,0.01,24.2,0.009561944908289715,True,9.56e-03,0.0814144604212708,Categorical,195,5.030959752321981
Lab_White Blood Cells_min,12.851199680085312,10.244055642194834,3.2249742002063986,12.701006441223834,11.2,0.1,157.8,13.1456590370955,11.0,0.1,310.8,0.27294670326111237,False,2.73e-01,0.020531649445721483,Categorical,120,3.0959752321981426
Lab_pCO2_min,35.58375,9.699984019316204,38.080495356037154,35.78890306122449,35.0,13.0,88.0,35.19711538461539,34.0,8.0,99.0,0.18337640306505806,False,1.83e-01,-0.029040818053283523,Categorical,57,1.4705882352941175
Lab_pH_min,6.358566164154103,1.02653577210689,22.987616099071207,6.363239652529382,7.0,5.0,9.0,6.349669260700389,6.94,5.0,8.5,0.7280737826556103,False,7.28e-01,-0.006282589622298494,Categorical,0,0.0
Lab_pO2_min,79.67625,48.225784824147254,38.080495356037154,80.2984693877551,71.0,14.0,516.0,78.50360576923077,67.0,0.0,440.0,0.3956653160477068,False,3.96e-01,-0.017716017394247174,Categorical,120,3.0959752321981426
Vital_Ambulatory aid_max,0.3088803088803089,2.1308964179282013,59.907120743034056,0.3574580759046778,0.0,0.0,15.0,0.17814726840855108,0.0,0.0,15.0,0.08633676587756672,False,8.63e-02,-0.03741010220907902,Categorical,32,0.8255933952528379
Vital_Carbon Dioxide_max,21.783903675538657,5.091260441286986,59.28792569659442,22.12192816635161,22.0,9.0,42.0,21.096153846153847,20.5,6.0,50.0,0.0005457062357790536,True,5.46e-04,-0.09473308235894709,Categorical,42,1.08359133126935
Vital_GCS - Eye Opening_max,3.563204005006258,0.8722811396900582,58.77192982456141,3.6877162629757785,4.0,1.0,4.0,3.237556561085973,4.0,1.0,4.0,1.2451282660656516e-14,True,1.25e-14,0.22721699733318915,Numerical,395,10.19091847265222
Vital_GCS - Motor Response_max,5.527272727272727,1.1542196971926229,58.84932920536635,5.682251082251082,6.0,1.0,6.0,5.120454545454545,6.0,1.0,6.0,4.472563161758591e-12,True,4.47e-12,0.2232571362883029,Numerical,354,9.13312693498452
Vital_GCS - Verbal Response_max,3.4877742946708463,1.8582974761534492,58.84932920536635,3.6591500433651345,5.0,1.0,5.0,3.0407239819004523,4.0,1.0,5.0,5.879519991833758e-09,True,5.88e-09,0.15434698309133502,Numerical,0,0.0
Vital_GCS Total_max,12.137532133676093,3.4935464731962282,59.85552115583075,12.699029126213592,15.0,3.0,15.0,11.038022813688213,11.0,3.0,15.0,9.066994627369312e-16,True,9.07e-16,0.2655308327007541,Numerical,0,0.0
Vital_Gait/Transferring_max,1.1382636655948553,4.033743874776261,59.88132094943241,1.1032656663724625,0.0,0.0,20.0,1.2322274881516588,0.0,0.0,20.0,0.593456326262984,False,5.93e-01,0.020488356139599817,Numerical,129,3.3281733746130033
Vital_Heart Rate_max,111.58433354390398,28.37924715662046,18.317853457172344,110.08999543170397,108.0,56.0,941.0,114.93244626407369,114.0,52.0,459.0,8.0957663227614e-06,True,8.10e-06,0.07883012218226086,Categorical,33,0.8513931888544891
Vital_Hematocrit_max,32.85076046836089,5.152362426077027,59.28792569659442,32.60599430712147,32.0,21.200000762939453,52.700000762939446,33.33889943508315,32.79999923706055,21.100000381469727,52.900001525878906,0.0092006611024903,True,9.20e-03,0.0671086767425699,Categorical,17,0.43859649122807015
Vital_Hemoglobin_max,10.73991002491017,1.786190601699922,59.85552115583075,10.710673075914382,10.5,5.599999904632568,16.799999237060547,10.798837208932685,10.600000381469728,6.5,16.600000381469727,0.36043536900559014,False,3.60e-01,0.02324532746712776,Categorical,19,0.49019607843137253
Vital_IV/Saline lock_max,19.858520900321544,1.6767151264398172,59.88132094943241,19.841129744042366,20.0,0.0,20.0,19.90521327014218,20.0,0.0,20.0,0.45236381235544687,False,4.52e-01,0.01700073094776315,Categorical,11,0.2837977296181631
Vital_Mental status_max,10.762548262548263,6.755378973808126,59.907120743034056,10.110424028268552,15.0,0.0,15.0,12.511848341232227,15.0,0.0,15.0,4.8220111826187424e-12,True,4.82e-12,0.15815662521654136,Categorical,0,0.0
Vital_NBP Mean_max,89.38516053975493,18.850149541463676,62.66769865841073,90.428469628524,88.0,0.0,228.0,87.23678199332562,85.0,40.0,227.0,0.0025014688368279587,True,2.50e-03,-0.07945060671801618,Categorical,35,0.9029927760577915
Vital_NBP [Diastolic]_max,74.23172413793104,18.300349412120447,62.59029927760578,75.04508196721312,74.0,0.0,183.0,72.55696202531645,71.0,24.0,156.0,0.01569803596921252,True,1.57e-02,-0.06379811042937784,Categorical,30,0.7739938080495357
Vital_NBP [Systolic]_max,131.71782518926358,24.153239952967354,62.512899896800825,133.43251533742333,132.0,0.0,249.0,128.18736842105264,127.0,0.0,223.0,9.965130426031272e-05,True,9.97e-05,-0.10190192265419247,Categorical,37,0.9545923632610939
Vital_Non Invasive Blood Pressure diastolic_max,86.80989583333333,180.08745340165493,60.371517027863774,84.7936936936937,77.0,39.0,4848.0,92.06338028169014,75.0,31.0,5218.0,0.5725667283821065,False,5.73e-01,0.01807793090954131,Categorical,46,1.1867905056759547
Vital_Non Invasive Blood Pressure mean_max,96.76401564537157,149.15786340332417,60.42311661506707,98.55094679891795,90.0,50.0,5864.0,92.10117647058823,87.0,39.0,223.0,0.23267279210372988,False,2.33e-01,-0.019358628121950078,Categorical,58,1.4963880288957687
Vital_Non Invasive Blood Pressure systolic_max,133.93098958333334,24.045351896258026,60.371517027863774,134.3189189189189,132.0,74.0,259.0,132.92018779342723,130.0,62.0,231.0,0.32255417837568434,False,3.23e-01,-0.026050711732016736,Categorical,51,1.3157894736842104
Vital_O2 saturation pulseoxymetry_max,99.42848219862586,1.6351722408783833,58.694530443756456,99.55613126079447,100.0,90.0,100.0,99.09480812641084,100.0,69.0,100.0,0.0004373322301099087,True,4.37e-04,0.15800026838952727,Numerical,108,2.786377708978328
Vital_Phosphorous(2.7-4.5)_max,4.182440283824314,1.8093216817467073,60.03611971104231,3.835769228751843,3.5,1.0,17.899999618530273,4.890766211673764,4.5,0.1000000014901161,15.800000190734863,1.020315314346848e-22,True,1.02e-22,0.2739679776327919,Categorical,57,1.4705882352941175
Vital_Respiratory Rate_max,29.740834386852086,8.113475249163345,18.369453044375643,29.225776965265084,28.0,12.0,120.0,30.895491803278688,30.0,10.0,110.0,5.512189275220196e-07,True,5.51e-07,0.09506400899541573,Categorical,102,2.631578947368421
Vital_Secondary diagnosis_max,14.073359073359073,3.6123880960337047,59.907120743034056,14.060017652250663,15.0,0.0,15.0,14.109263657957245,15.0,0.0,15.0,0.8092675231843606,False,8.09e-01,0.006060680310017981,Categorical,96,2.476780185758514
Vital_SpO2_max,99.37700706486834,2.9275415048814057,59.82972136222911,99.54114230396902,100.0,16.0,100.0,99.05343511450381,100.0,72.0,100.0,0.0016426477074452705,True,1.64e-03,0.14472469964974716,Numerical,338,8.720330237358102
Vital_WBC_max,16.790399999999998,11.635125747637245,60.010319917440654,16.768057971014496,14.5,0.1,186.6,16.83530097087379,14.9,0.1,99.8,0.9151479224780398,False,9.15e-01,0.002723066392116927,Categorical,54,1.393188854489164
"Vital_WBC   (4-11,000)_max",16.79474967907574,11.686321677758714,59.80392156862745,16.735134615384617,14.5,0.1,186.6,16.914440154440154,14.95,0.1,99.8,0.7779250058688667,False,7.78e-01,0.0072305175721487066,Categorical,55,1.4189886480908152
"Vital_WBC (4-11,000)_max",16.79474967907574,11.686321677758714,59.80392156862745,16.735134615384617,14.5,0.1,186.6,16.914440154440154,14.95,0.1,99.8,0.7779250058688667,False,7.78e-01,0.0072305175721487066,Categorical,55,1.4189886480908152
Vital_Ambulatory aid_mean,0.13593951093951093,1.078187790089483,59.907120743034056,0.1533539276257723,0.0,0.0,15.0,0.08907363420427554,0.0,0.0,15.0,0.2586394404497947,False,2.59e-01,0.03961791155926454,Numerical,32,0.8255933952528379
Vital_Carbon Dioxide_mean,20.675171102661597,5.125773375540669,59.28792569659442,21.085018903591685,20.755000000000003,7.8,42.0,19.841288461538465,19.29,6.0,45.0,2.9674318435177784e-05,True,2.97e-05,-0.11408854015781089,Categorical,34,0.8771929824561403
Vital_GCS - Eye Opening_mean,3.126320400500626,0.9959942198039541,58.77192982456141,3.278849480968858,3.67,1.0,4.0,2.727398190045249,3.0,1.0,4.0,3.66689708858133e-19,True,3.67e-19,-0.24774194669754268,Categorical,0,0.0
Vital_GCS - Motor Response_mean,5.0408025078369905,1.4110167394079816,58.84932920536635,5.272952380952381,6.0,1.0,6.0,4.43140909090909,5.0,1.0,6.0,6.641636855435176e-20,True,6.64e-20,-0.26664725898682107,Categorical,124,3.199174406604747
Vital_GCS - Verbal Response_mean,3.0830909090909095,1.7694871734063478,58.84932920536635,3.2751257588898524,4.0,1.0,5.0,2.5821493212669684,1.8,1.0,5.0,1.2501390134976824e-12,True,1.25e-12,-0.1753365009024827,Categorical,0,0.0
Vital_GCS Total_mean,10.828046272493573,3.8254795181569348,59.85552115583075,11.449213592233008,12.0,3.0,15.0,9.611692015209126,9.5,3.0,15.0,1.8629773421675177e-17,True,1.86e-17,-0.22729404514016754,Categorical,0,0.0
Vital_Gait/Transferring_mean,0.530128617363344,2.121945480402279,59.88132094943241,0.5061871138570168,0.0,0.0,20.0,0.5944075829383886,0.0,0.0,20.0,0.5036377533560483,False,5.04e-01,0.032112378882572186,Numerical,129,3.3281733746130033
Vital_Heart Rate_mean,91.71143714466204,17.682001348208253,18.317853457172344,90.54172224760165,89.52,48.33,154.97,94.33222108495394,94.28,40.56,158.5,8.259177745175074e-08,True,8.26e-08,0.09903593329067265,Categorical,9,0.23219814241486067
Vital_Hematocrit_mean,31.145506970849176,4.829491587585741,59.28792569659442,31.035984776403424,30.6,18.93,51.1,31.363927893738143,30.5,21.0,52.9,0.21337221072253806,False,2.13e-01,0.03203571535798478,Categorical,20,0.5159958720330238
Vital_Hemoglobin_mean,10.351709511568124,1.6967677713532396,59.85552115583075,10.351557692307692,10.2,5.55,16.1,10.352015503875968,10.15,6.3,16.6,0.9960225313016162,False,9.96e-01,0.00012706790902806842,Categorical,17,0.43859649122807015
Vital_IV/Saline lock_mean,19.28464308681672,2.686286001513239,59.88132094943241,19.22729920564872,20.0,0.0,20.0,19.438601895734596,20.0,0.0,20.0,0.12637074077097957,False,1.26e-01,0.023979175060146338,Numerical,138,3.560371517027864
Vital_Mental status_mean,9.358391248391248,6.5753778939497085,59.907120743034056,8.664372791519435,11.25,0.0,15.0,11.220071090047393,15.0,0.0,15.0,2.4358911528372516e-13,True,2.44e-13,0.19869422947940585,Numerical,0,0.0
Vital_NBP Mean_mean,70.06398756046994,11.126409764804638,62.66769865841073,71.17338809034908,70.215,0.0,130.31,67.77951374207188,66.42,29.78,115.08,9.616703990770401e-08,True,9.62e-08,-0.14313055192859656,Categorical,45,1.1609907120743035
Vital_NBP [Diastolic]_mean,53.80550344827586,11.24630551045825,62.59029927760578,54.69910860655738,54.225,0.0,110.25,51.96550632911393,51.0,12.0,98.77,1.6618617872759944e-05,True,1.66e-05,-0.11405684032435984,Categorical,34,0.8771929824561403
Vital_NBP [Systolic]_mean,106.62201651754991,17.043334999364237,62.512899896800825,108.42453987730062,107.305,0.0,170.42,102.91071578947367,101.57,0.0,181.0,2.8596163594807618e-08,True,2.86e-08,-0.15180932272954095,Categorical,59,1.5221878224974201
Vital_Non Invasive Blood Pressure diastolic_mean,58.79251953125001,45.285019220822186,60.371517027863774,58.36474774774774,57.87,32.0,260.43,59.90713615023474,55.96,26.29,1776.67,0.7060489835327477,False,7.06e-01,0.015253014594551563,Categorical,36,0.9287925696594427
Vital_Non Invasive Blood Pressure mean_mean,69.35178617992177,10.730211456600957,60.42311661506707,70.07298467087465,69.29,43.84,232.26,67.46988235294118,67.04,37.33,122.61,2.3842314112226216e-05,True,2.38e-05,-0.10860740554120044,Categorical,53,1.3673890608875128
Vital_Non Invasive Blood Pressure systolic_mean,107.02389322916666,14.404742195954594,60.371517027863774,107.74542342342342,106.16499999999999,74.0,183.34,105.14384976525821,104.315,58.0,185.61,0.0022515713119295702,True,2.25e-03,-0.08088111463417891,Categorical,75,1.9349845201238391
Vital_O2 saturation pulseoxymetry_mean,96.45613991255465,3.6011632447602606,58.694530443756456,96.98079447322971,97.16499999999999,77.2,100.0,95.08469525959369,96.52,54.67,100.0,4.877048248409008e-11,True,4.88e-11,-0.2356235715923459,Categorical,57,1.4705882352941175
Vital_Phosphorous(2.7-4.5)_mean,3.810948999354422,1.600999143980142,60.03611971104231,3.4983557692307694,3.215,1.0,12.62,4.449646365422397,4.1,0.1,13.9,8.07855239094343e-24,True,8.08e-24,0.27918139802078074,Categorical,61,1.5737874097007225
Vital_Respiratory Rate_mean,21.232420986093555,4.73674804022762,18.369453044375643,20.881352833638022,20.439999999999998,9.54,40.87,22.019446721311475,21.76,8.59,41.52,1.599589129204932e-09,True,1.60e-09,0.11098864288438917,Categorical,40,1.0319917440660475
Vital_Secondary diagnosis_mean,13.795366795366796,3.837358859178865,59.907120743034056,13.75882612533098,15.0,0.0,15.0,13.893705463182897,15.0,0.0,15.0,0.5321175913402143,False,5.32e-01,0.046085672831025194,Numerical,159,4.102167182662539
Vital_SpO2_mean,96.2966859344894,5.147910893532624,59.82972136222911,97.04481122942886,97.53,16.0,100.0,94.82185114503815,96.58500000000001,47.71,100.0,1.91967455152444e-11,True,1.92e-11,-0.20411143931859,Categorical,81,2.089783281733746
Vital_WBC_mean,15.258477419354838,10.50645711279873,60.010319917440654,15.252357487922705,13.3,0.1,172.2,15.270776699029128,13.6,0.1,96.05,0.97438003721003,False,9.74e-01,0.0008260321766423522,Categorical,46,1.1867905056759547
"Vital_WBC   (4-11,000)_mean",15.26653401797176,10.572688117472767,59.80392156862745,15.221596153846153,13.274999999999999,0.1,172.2,15.35675675675676,13.635,0.1,96.05,0.8156531437469173,False,8.16e-01,0.006024461256196455,Categorical,47,1.2125902992776059
"Vital_WBC (4-11,000)_mean",15.26653401797176,10.572688117472767,59.80392156862745,15.221596153846153,13.274999999999999,0.1,172.2,15.35675675675676,13.635,0.1,96.05,0.8156531437469173,False,8.16e-01,0.006024461256196455,Categorical,47,1.2125902992776059
Vital_Ambulatory aid_min,0.03861003861003861,0.760284031076188,59.907120743034056,0.03971756398940865,0.0,0.0,15.0,0.035629453681710214,0.0,0.0,15.0,0.9231407727713321,False,9.23e-01,-0.0023905151737036653,Categorical,4,0.10319917440660474
Vital_Carbon Dioxide_min,19.58529784537389,5.45181108232578,59.28792569659442,20.050094517958414,20.0,6.0,42.0,18.639615384615386,18.0,5.0,45.0,7.564323775204842e-06,True,7.56e-06,-0.12164689467492369,Categorical,22,0.5675954592363261
Vital_GCS - Eye Opening_min,2.6282853566958697,1.246962873118665,58.77192982456141,2.790657439446367,3.0,1.0,4.0,2.2036199095022626,2.0,1.0,4.0,2.0876395266332903e-16,True,2.09e-16,0.21980044916214347,Numerical,0,0.0
Vital_GCS - Motor Response_min,4.386833855799373,2.015050570672174,58.84932920536635,4.686580086580086,6.0,1.0,6.0,3.6,4.0,1.0,6.0,2.7535764903741904e-19,True,2.75e-19,0.2393530437194344,Numerical,0,0.0
Vital_GCS - Verbal Response_min,2.739811912225705,1.8610822972595713,58.84932920536635,2.9488291413703385,4.0,1.0,5.0,2.1945701357466065,1.0,1.0,5.0,5.5527927150581694e-14,True,5.55e-14,0.17544652894965485,Numerical,0,0.0
Vital_GCS Total_min,9.330976863753213,4.600611375222989,59.85552115583075,10.020388349514564,10.0,3.0,15.0,7.980988593155893,7.0,3.0,15.0,2.4801512973451224e-16,True,2.48e-16,0.2312818150999382,Numerical,0,0.0
Vital_Gait/Transferring_min,0.12861736334405144,1.4292127161436199,59.88132094943241,0.1147396293027361,0.0,0.0,20.0,0.16587677725118483,0.0,0.0,20.0,0.5841940123162115,False,5.84e-01,0.01704953856136623,Numerical,14,0.3611971104231166
Vital_Heart Rate_min,75.09096651926721,19.59459416732411,18.317853457172344,75.76564641388762,75.0,0.0,134.0,73.57932446264074,76.0,0.0,135.0,0.013192278923497464,True,1.32e-02,-0.051547272716365215,Categorical,84,2.1671826625387
Vital_Hematocrit_min,29.373384023045105,5.362507656457754,59.28792569659442,29.387725941687965,29.100000381469727,10.0,49.5,29.344781828560006,28.89999961853028,0.0,52.900001525878906,0.8845243822511326,False,8.85e-01,-0.0037780963782883385,Categorical,29,0.7481940144478844
Vital_Hemoglobin_min,9.949871468360136,1.777470637192711,59.85552115583075,9.981249999541502,9.800000190734863,4.099999904632568,16.100000381469727,9.886627917141878,9.699999809265137,4.5,16.600000381469727,0.33119152119721706,False,3.31e-01,-0.02507041908748287,Categorical,14,0.3611971104231166
Vital_IV/Saline lock_min,18.225080385852092,5.689364519783013,59.88132094943241,18.146513680494262,20.0,0.0,20.0,18.436018957345972,20.0,0.0,20.0,0.35584222304816215,False,3.56e-01,0.022634619621571202,Categorical,138,3.560371517027864
Vital_Mental status_min,7.683397683397684,7.500170921436466,59.907120743034056,6.98321554770318,0.0,0.0,15.0,9.561611374407583,15.0,0.0,15.0,9.214783960381172e-10,True,9.21e-10,0.15294899678845542,Categorical,0,0.0
Vital_NBP Mean_min,54.0703984461596,14.229026868413465,62.66769865841073,55.70568106061869,55.16665077209473,0.0,115.0,50.70303001807684,52.0,0.0,97.6667022705078,7.984274110278135e-09,True,7.98e-09,-0.1649744340854438,Categorical,66,1.7027863777089782
Vital_NBP [Diastolic]_min,37.139310344827585,14.92696411307701,62.59029927760578,38.62397540983606,39.0,0.0,95.0,34.08227848101266,36.0,0.0,85.0,2.1661481038062168e-07,True,2.17e-07,-0.14277183688595207,Categorical,98,2.5283797729618165
Vital_NBP [Systolic]_min,81.50127322780044,26.323458414693928,62.512899896800825,84.52760736196319,86.0,0.0,157.0,75.27021052630325,81.0,0.0,181.0,1.1565448489332692e-08,True,1.16e-08,-0.1650235976701059,Categorical,130,3.3539731682146545
Vital_Non Invasive Blood Pressure diastolic_min,41.630859375,11.647026357587954,60.371517027863774,42.57927927927928,42.0,11.0,91.0,39.159624413145536,40.0,12.0,88.0,7.38561029450442e-07,True,7.39e-07,-0.13148727026951454,Categorical,24,0.6191950464396285
Vital_Non Invasive Blood Pressure mean_min,52.67796610169491,11.811547945784342,60.42311661506707,53.57078449053201,54.0,0.0,96.0,50.34823529411765,51.0,17.0,111.0,7.816015845343132e-06,True,7.82e-06,-0.12214317919740746,Categorical,54,1.393188854489164
Vital_Non Invasive Blood Pressure systolic_min,84.28580729166667,15.906517022208908,60.371517027863774,85.37927927927927,84.0,44.0,164.0,81.43661971830986,81.0,32.0,162.0,8.540078752969792e-05,True,8.54e-05,-0.11100196708131983,Categorical,76,1.9607843137254901
Vital_O2 saturation pulseoxymetry_min,89.526545908807,10.62565062122305,58.694530443756456,90.81951640759931,92.0,0.0,100.0,86.14672686230249,91.0,0.0,100.0,2.7143913842022156e-10,True,2.71e-10,-0.1967982241546442,Categorical,170,4.385964912280701
Vital_Phosphorous(2.7-4.5)_min,3.4392511320400807,1.5321982519642519,60.03611971104231,3.160192308632227,2.900000095367432,0.5,9.199999809265137,4.009430260417621,3.700000047683716,0.1000000014901161,13.899999618530272,7.1037978179225e-21,True,7.10e-21,0.2604226809277595,Categorical,44,1.1351909184726523
Vital_Respiratory Rate_min,13.163084702907712,5.559264477255498,18.369453044375643,13.232632541133455,14.0,0.0,30.0,13.007172131147541,14.0,0.0,39.0,0.33722876239713573,False,3.37e-01,-0.018734136962945677,Categorical,322,8.307533539731683
Vital_Secondary diagnosis_min,13.465250965250965,4.547426517049076,59.907120743034056,13.384819064430715,15.0,0.0,15.0,13.681710213776721,15.0,0.0,15.0,0.233630751730374,False,2.34e-01,0.029025274041924252,Categorical,159,4.102167182662539
Vital_SpO2_min,87.56775850995504,15.79178672416908,59.82972136222911,89.99419167473378,93.0,0.0,100.0,82.78435114503817,91.0,0.0,100.0,8.498904112301826e-13,True,8.50e-13,-0.21580479521969673,Categorical,176,4.540763673890609
Vital_WBC_min,13.766212903225805,9.843050474987836,60.010319917440654,13.757874396135268,12.2,0.1,157.8,13.782970873786407,12.6,0.1,93.7,0.9632068738592803,False,9.63e-01,0.0012013382107114814,Categorical,48,1.238390092879257
"Vital_WBC   (4-11,000)_min",13.77755455712452,9.92151554784494,59.80392156862745,13.728942307692309,12.2,0.1,157.8,13.87515444015444,12.6,0.1,93.7,0.7908719953787822,False,7.91e-01,0.006944786683992613,Categorical,49,1.2641898864809082
"Vital_WBC (4-11,000)_min",13.77755455712452,9.92151554784494,59.80392156862745,13.728942307692309,12.2,0.1,157.8,13.87515444015444,12.6,0.1,93.7,0.7908719953787822,False,7.91e-01,0.006944786683992613,Categorical,49,1.2641898864809082
is_male,0.5510835913312694,0.4974477956507444,0.0,0.5465618860510806,1.0,0.0,1.0,0.5597295266716754,1.0,0.0,1.0,0.4336121395026432,False,4.34e-01,0.012570878757067281,Categorical,0,0.0
Vital_Temp_Unified_max,37.95301255400228,9.958444920969644,18.78224974200206,37.98970115332172,37.599999237060544,0.0,99.3,37.87014037624348,37.27777735392253,0.0,536.3888888888889,0.8248770039270645,False,8.25e-01,-0.0055379292921390495,Categorical,65,1.6769865841073273
Vital_Temp_Unified_mean,36.890012353522515,3.3650130994033938,18.78224974200206,37.02922395355942,36.87222222222223,0.0,98.7,36.57556130664826,36.611111111111114,0.0,119.83333333333333,0.0010302847156566967,True,1.03e-03,-0.062186550373433507,Categorical,88,2.2703818369453046
Vital_Temp_Unified_min,36.014233034848324,3.2830373051180657,18.78224974200206,36.19296773608851,36.16666581895616,-17.77777777777778,98.3,35.61050723970745,35.888888888888886,-17.77777777777778,39.9,4.1055333878669e-06,True,4.11e-06,-0.08183533439807174,Categorical,135,3.48297213622291
Vital_Respiratory Rate (Total) Unified_mean,21.84849079754601,5.50214595600256,57.946336429308566,21.01139742319128,20.38,0.0,50.17,23.208599033816427,22.8,10.0,53.0,1.7467279242297795e-14,True,1.75e-14,0.1939879889439381,Categorical,13,0.3353973168214654
Vital_Respiratory Rate (Total) Unified_min,18.07239263803681,5.440986355072989,57.946336429308566,17.340931615460853,16.0,-1.0,41.0,19.26086956521739,19.0,0.0,53.0,2.2161370555226158e-11,True,2.22e-11,0.17141412064044528,Categorical,32,0.8255933952528379
Vital_Respiratory Rate (Total) Unified_max,25.88588957055215,8.15559159813722,57.946336429308566,25.205153617443013,24.0,0.0,211.0,26.99194847020934,27.0,10.0,60.0,6.965956917600659e-06,True,6.97e-06,0.10642808842782844,Categorical,16,0.41279669762641896
Vital_Mean Arterial Pressure Unified_mean,74.05192864424058,24.16663883067244,57.81733746130031,75.51463336535383,74.47,-22.86,356.5,71.48850168350168,71.5,-16.0,414.22,0.0012355412806679573,True,1.24e-03,-0.08015034686805038,Categorical,130,3.3539731682146545
Vital_Mean Arterial Pressure Unified_min,51.35188582845176,26.37502435440931,57.81733746130031,53.59430031802384,58.0,-39.0,352.0,47.42199780884817,55.0,-39.0,111.0,1.9307801051468107e-06,True,1.93e-06,-0.11258694018839262,Categorical,262,6.7595459236326105
Vital_Mean Arterial Pressure Unified_max,112.08583078258019,235.3398901697729,57.81733746130031,107.52129359372029,95.0,-21.0,361.0,120.08529747214783,92.0,-13.0,9381.0,0.4285161577154386,False,4.29e-01,0.025684209163265526,Categorical,198,5.108359133126935
Lab_Sodium_Unified_max,139.8920634920635,5.840428168555029,2.476780185758514,140.29073482428115,140.0,117.0,182.0,139.10971786833855,139.0,117.0,166.0,8.57738922639357e-09,True,8.58e-09,-0.09563560278187233,Categorical,158,4.076367389060888
Lab_Sodium_Unified_mean,138.77936243386245,5.563001053925534,2.476780185758514,139.18367412140574,139.0,115.25,171.6,137.98594827586209,138.0,116.0,162.67,1.406970327585329e-09,True,1.41e-09,-0.10182547216713339,Categorical,152,3.9215686274509802
Lab_Sodium_Unified_min,137.66746031746032,5.604240767991442,2.476780185758514,138.0746805111821,138.0,113.0,166.0,136.86833855799372,137.0,109.0,160.0,2.1168350011080547e-09,True,2.12e-09,-0.10180328688868864,Categorical,100,2.5799793601651184
Lab_Creatinine_Unified_max,2.0441829719725013,1.8313822998243403,2.4251805985552117,1.9329209896249,1.35,0.1,22.0,2.2626959247648903,1.7,0.2,14.6,1.7748688139892475e-07,True,1.77e-07,0.08515112707507298,Categorical,304,7.8431372549019605
Lab_Creatinine_Unified_mean,1.9201189846641988,1.7163283272322278,2.4251805985552117,1.806907422186752,1.25,0.1,18.58,2.1424608150470217,1.53,0.2,13.8,1.970922458326449e-08,True,1.97e-08,0.09245130240189679,Categorical,309,7.972136222910217
Lab_Creatinine_Unified_min,1.79672131147541,1.6208147000985689,2.4251805985552117,1.6825219473264164,1.2,0.1,15.7,2.021003134796238,1.4,0.2,13.4,2.90873966542184e-09,True,2.91e-09,0.09875360047731567,Categorical,318,8.204334365325078
Lab_Chloride_Unified_max,107.58946532556908,7.511640612864698,2.5283797729618165,108.39128697042366,108.0,83.0,155.0,106.01724137931035,105.0,81.0,140.0,2.4644526872453057e-19,True,2.46e-19,-0.14949228294250497,Categorical,78,2.0123839009287927
Lab_Chloride_Unified_mean,106.23722339862361,7.232879577868037,2.5283797729618165,107.08169464428458,107.0,82.0,152.25,104.58137147335422,104.0,80.5,138.0,8.608774013169636e-23,True,8.61e-23,-0.16351192512346585,Categorical,62,1.5995872033023735
Lab_Chloride_Unified_min,104.89227104287983,7.340523245896777,2.5283797729618165,105.75299760191847,106.0,81.0,150.0,103.20454545454545,103.0,68.0,134.0,7.759066372224466e-23,True,7.76e-23,-0.16421543895600615,Categorical,64,1.6511867905056758
Lab_Potassium_Unified_max,4.427711797307996,0.8050117338114343,2.244582043343653,4.353548644338118,4.2,2.5,9.3,4.572911787665887,4.4,2.0,12.7,6.20013261021849e-14,True,6.20e-14,0.12892362050765738,Categorical,144,3.7151702786377707
Lab_Potassium_Unified_mean,4.164864080232251,0.6485710584808547,2.244582043343653,4.0921331738437,4.0,2.5,7.1,4.3072599531615925,4.2,2.0,7.35,5.0952275174264224e-20,True,5.10e-20,0.1569307150255873,Categorical,77,1.9865841073271415
Lab_Potassium_Unified_min,3.912087622063869,0.6493694421225729,2.244582043343653,3.83975279106858,3.8,1.8,7.0,4.053708040593286,4.0,1.9,6.9,2.950793807718853e-20,True,2.95e-20,0.15588421559020407,Categorical,51,1.3157894736842104
Lab_Magnesium_Unified_max,2.1397463572585,0.5842132237836527,4.385964912280701,2.127276422764228,2.1,0.8,24.6,2.1643659711075443,2.1,1.1,6.9,0.04471258955813454,True,4.47e-02,0.029995763635210133,Categorical,82,2.1155830753353975
Lab_Magnesium_Unified_mean,1.9717943874797625,0.3723231104870683,4.385964912280701,1.946540650406504,1.9,0.8,6.54,2.0216532905296947,1.98,1.1,4.8,2.5340003101725846e-08,True,2.53e-08,0.09531753314203424,Categorical,133,3.431372549019608
Lab_Magnesium_Unified_min,1.807447382622774,0.41719274284203256,4.385964912280701,1.769471544715447,1.7,0.2,3.8,1.8824237560192616,1.9,0.6,4.5,5.067888491143618e-14,True,5.07e-14,0.1279197946488193,Categorical,96,2.476780185758514
Lab_Bilirubin_Unified_max,2.7725128644939967,5.222790537782512,39.834881320949435,2.0218390804597703,0.8,0.0,60.5,4.074091441969519,1.2,0.1,40.2,4.328848700453934e-16,True,4.33e-16,0.18930032005301078,Categorical,275,7.094943240454077
Lab_Bilirubin_Unified_mean,2.638391938250429,5.044818336721605,39.834881320949435,1.9197430696416495,0.7,0.0,57.55,3.884443141852286,1.2,0.1,36.8,7.981373390760441e-16,True,7.98e-16,0.18761774936482967,Categorical,276,7.120743034055728
Lab_Bilirubin_Unified_min,2.50746140651801,4.895713381274879,39.834881320949435,1.8185936443542934,0.7,0.0,54.6,3.7018757327080887,1.1,0.1,34.6,1.8521325944504936e-15,True,1.85e-15,0.18532012501471137,Categorical,294,7.5851393188854495
Lab_Glucose_Unified_max,164.83399418450963,87.39169734458055,2.3993808049535605,162.83413269384494,141.0,39.0,942.0,168.7400468384075,144.0,21.0,1038.0,0.06306069860929461,False,6.31e-02,0.03198572797904336,Categorical,213,5.495356037151703
Lab_Glucose_Unified_mean,140.48242400211473,59.20056194991381,2.3993808049535605,139.34919664268583,126.9,39.0,609.5,142.69580015612803,127.4,21.0,816.0,0.13032071703195766,False,1.30e-01,0.026755786272640556,Categorical,182,4.695562435500515
Lab_Glucose_Unified_min,118.7745175786413,50.31822230990502,2.3993808049535605,118.30735411670663,109.0,8.0,406.0,119.68696330991413,107.0,20.0,672.0,0.4668629168025742,False,4.67e-01,0.01297687361026717,Categorical,189,4.876160990712075
Lab_Urea_Unified_max,38.5888418826018,27.139260251624535,2.4251805985552117,35.7061876247505,28.0,3.0,240.0,44.24353954581049,37.0,3.0,185.0,2.287167980872251e-18,True,2.29e-18,0.14878542541758175,Categorical,137,3.534571723426213
Lab_Urea_Unified_mean,36.612855631940775,25.91395306977509,2.4251805985552117,33.65034730538922,27.0,2.8,213.33,42.42419733750979,35.0,2.5,176.67,1.1017678308078661e-20,True,1.10e-20,0.16013702344881087,Categorical,152,3.9215686274509802
Lab_Urea_Unified_min,34.65600211528292,25.000499644581062,2.4251805985552117,31.61437125748503,25.0,2.0,182.0,40.62255285826155,33.0,2.0,170.0,6.845020650067307e-23,True,6.85e-23,0.1704212150120015,Categorical,159,4.102167182662539
Lab_Red_Blood_Cells_Unified_max,3.5649799732977305,0.6510573712973509,3.3797729618163053,3.5701168883514707,3.52,1.76,6.31,3.5548971518987345,3.48,1.82,6.23,0.5106991423433149,False,5.11e-01,-0.01105556544732119,Categorical,55,1.4189886480908152
Lab_Red_Blood_Cells_Unified_mean,3.4460854472630174,0.6263622361034197,3.3797729618163053,3.456755340588472,3.42,1.76,6.06,3.425142405063291,3.35,1.73,6.05,0.15476350726827373,False,1.55e-01,-0.02386889685630626,Categorical,57,1.4705882352941175
Lab_Red_Blood_Cells_Unified_min,3.3234659546061414,0.6501813956104647,3.3797729618163053,3.338428053204353,3.3,0.93,6.04,3.294098101265823,3.22,1.08,6.04,0.054566030284951834,False,5.46e-02,-0.0322445121174766,Categorical,55,1.4189886480908152
Lab_Platelets_Unified_max,228.32329424307036,142.02847109644938,3.199174406604747,235.9086519114688,212.0,12.0,1418.0,213.44593528018942,186.0,15.0,927.0,6.021523200283883e-06,True,6.02e-06,-0.07480548164465547,Categorical,132,3.4055727554179565
Lab_Platelets_Unified_mean,215.42983208955224,134.71090088905308,3.199174406604747,223.47620120724346,201.5,12.0,1254.33,199.64827940015786,171.0,11.6,881.0,4.316261591372422e-07,True,4.32e-07,-0.08366233524996725,Categorical,121,3.1217750257997934
Lab_Platelets_Unified_min,203.159381663113,130.69383031852942,3.199174406604747,211.59396378269616,191.0,5.0,1137.0,186.61641673243884,162.0,5.0,881.0,5.149307673191033e-08,True,5.15e-08,-0.09039434381521952,Categorical,116,2.9927760577915374
