,count,mean,std,min,25%,50%,75%,max,cv
SUBJECT_ID,3876.0,37962.98348813209,29216.687476669948,21.0,13813.75,28072.5,61667.0,99991.0,0.7696098881639165
HADM_ID,3876.0,149564.7350361197,28589.489128757126,100074.0,125306.75,149268.0,174522.25,199943.0,0.19115127053080258
age,3876.0,67.28547987616099,16.11824078776097,18.02,56.4325,68.44,80.13,91.4,0.2395500606880803
is_nonsurvivor,3876.0,0.3433952528379773,0.47490329568349,0.0,0.0,0.0,1.0,1.0,1.3829640676703285
length_of_stay_days,3876.0,15.114293085655314,17.280399996588127,0.0,5.0,10.0,20.0,294.0,1.1433151321505486
vasopressor,3876.0,0.7211042311661506,0.4485140121206295,0.0,0.0,1.0,1.0,1.0,0.6219822221751556
mechanical_ventilation,3876.0,0.5606295149638802,0.4963744850564891,0.0,0.0,1.0,1.0,1.0,0.8853877147164988
rrt_dialysis,3876.0,0.15479876160990713,0.36175940785290955,0.0,0.0,0.0,0.0,1.0,2.3369657747297956
Lab_Alanine Aminotransferase (ALT)_max,2313.0,170.7855598789451,643.9555925734459,1.0,20.0,38.0,92.0,16270.0,3.7705505841939417
Lab_Albumin_max,1819.0,2.7482682792743267,0.601758536397662,1.1,2.3,2.7,3.1,5.3,0.21895916819174394
Lab_Alkaline Phosphatase_max,2291.0,158.70449585333915,182.4018728161878,17.0,70.0,106.0,172.0,2520.0,1.1493176159593341
Lab_Anion Gap_max,3773.0,16.45030479724357,4.923592546130157,6.0,13.0,15.0,19.0,53.0,0.29930099209804056
Lab_Asparate Aminotransferase (AST)_max,2314.0,310.71218668971477,1187.198463650983,4.0,28.0,53.0,125.75,18040.0,3.8208944306280146
Lab_Base Excess_max,2400.0,-2.0975,5.335793274741753,-26.0,-5.0,-2.0,0.0,24.0,-2.5438823717481536
Lab_Basophils_max,2037.0,0.19297987236131567,0.46342112763626797,0.0,0.0,0.1,0.2,14.0,2.4013961765328866
Lab_Bicarbonate_max,3776.0,22.594279661016948,4.973903724684595,6.0,19.0,22.0,25.0,50.0,0.2201399557458042
"Lab_Calcium, Total_max",3673.0,8.133542063708141,0.9295657526470771,3.8,7.6,8.1,8.6,27.4,0.1142879381905208
Lab_Calculated Total CO2_max,2400.0,24.03625,5.965226671414135,8.0,20.0,23.0,27.0,53.0,0.24817626174690877
Lab_Creatine Kinase (CK)_max,1874.0,1223.7636072572038,9562.99768627036,9.0,57.0,145.0,432.75,223800.0,7.814415814916829
"Lab_Creatine Kinase, MB Isoenzyme_max",1445.0,19.0281660899654,43.27707984187459,1.0,4.0,7.0,15.0,487.0,2.2743694603704863
Lab_Eosinophils_max,2037.0,0.8042218949435443,2.4066218907834434,0.0,0.0,0.1,1.0,55.6,2.992484917303061
Lab_Free Calcium_max,1537.0,1.1321080026024724,0.1537067394922674,0.67,1.06,1.12,1.18,2.98,0.13577038510365508
Lab_Hematocrit_max,3776.0,32.517664194915255,5.3516414959813785,19.1,28.8,32.0,35.7,60.5,0.16457644263446844
Lab_Hemoglobin_max,3746.0,10.68134009610251,1.8506236579296909,5.6,9.4,10.5,11.8,19.7,0.17325762884424595
Lab_INR(PT)_max,3154.0,2.0405199746353837,1.8053749916643327,0.9,1.3,1.5,2.1,36.3,0.8847622243869147
Lab_Lactate_max,2711.0,3.310029509406123,3.0963337085258176,0.5,1.5,2.3,3.9,29.3,0.9354399106494231
Lab_Lactate Dehydrogenase (LD)_max,1822.0,611.4917672886937,1748.5495967041588,48.0,203.0,285.0,436.0,51090.0,2.8594818282788825
Lab_Lymphocytes_max,2037.0,10.40844378988709,12.45619347069474,0.0,4.0,7.3,12.0,100.0,1.1967392745875476
Lab_MCH_max,3745.0,30.380240320427237,2.9223597269765667,16.6,28.8,30.4,32.0,46.1,0.09619277846895813
Lab_MCHC_max,3746.0,33.36217298451682,1.6661500686442514,26.5,32.3,33.4,34.5,45.8,0.04994129337491001
Lab_MCV_max,3745.0,91.96408544726302,8.058453309183246,60.0,87.0,92.0,96.0,139.0,0.08762609088092745
Lab_Monocytes_max,2037.0,4.4588610702012765,3.989623855169549,0.0,2.0,3.6,5.6,57.0,0.8947629882061909
Lab_Neutrophils_max,2037.0,78.25974472263131,18.363219986289465,0.0,73.5,83.7,90.0,99.0,0.23464451681221946
Lab_Oxygen Saturation_max,1578.0,88.09188846641318,25.824435251100564,1.4,78.0,95.0,98.0,969.0,0.29315338450198686
Lab_PT_max,3154.0,20.029898541534557,12.423064225856761,10.3,14.1,16.1,20.4,150.0,0.620226018623906
Lab_PTT_max,3122.0,46.413549007046754,29.041665352705014,18.9,30.2,36.1,48.2,158.4,0.6257152485429578
Lab_Phosphate_max,3674.0,4.110778443113772,1.7133222784877913,0.1,3.0,3.7,4.8,17.9,0.4167877938928786
Lab_Protein_max,810.0,85.24074074074075,115.65516098083367,25.0,30.0,30.0,100.0,500.0,1.3568061466358934
Lab_RDW_max,3745.0,16.16795727636849,2.425569084316023,11.7,14.4,15.7,17.4,30.9,0.15002322450847258
Lab_Specific Gravity_max,1554.0,1.0173743243243243,0.008355338663740433,1.002,1.012,1.016,1.021,1.05,0.008212649428999026
Lab_Temperature_max,1665.0,37.399279279279284,1.1817571497641612,26.7,36.7,37.3,38.2,42.1,0.03159839367329473
Lab_Troponin T_max,1438.0,0.607941585535466,1.9361911377357077,0.01,0.04,0.11,0.32,24.74,3.184830884747486
Lab_White Blood Cells_max,3751.0,15.66653159157558,13.190562296591796,0.1,8.7,13.4,20.0,462.6,0.8419580440947634
Lab_pCO2_max,2400.0,46.34125,15.568235371563796,14.0,37.0,43.0,52.0,231.0,0.3359476788296344
Lab_pH_max,2985.0,7.122505862646566,0.7124848561834033,5.0,7.28,7.36,7.43,9.0,0.10003289150241003
Lab_pO2_max,2400.0,174.19875,107.40879240262302,19.0,95.0,145.0,229.0,597.0,0.6165876184681177
Lab_Alanine Aminotransferase (ALT)_mean,2313.0,148.52106355382622,534.0508336420295,1.0,19.0,36.5,87.5,13883.33,3.595791875328725
Lab_Albumin_mean,1819.0,2.7150027487630566,0.5966604324149556,1.05,2.3,2.7,3.1,5.3,0.2197642093315712
Lab_Alkaline Phosphatase_mean,2291.0,153.6754604975993,174.72953083183017,17.0,69.0,104.0,165.3,2126.6,1.1370034634421011
Lab_Anion Gap_mean,3773.0,15.272297906175458,4.247680584023516,6.0,12.5,14.5,17.0,50.6,0.2781297621431243
Lab_Asparate Aminotransferase (AST)_mean,2314.0,250.68450734658597,877.6136313461844,4.0,28.0,51.0,120.5,13943.33,3.5008690430670786
Lab_Base Excess_mean,2400.0,-4.0749249999999995,5.5642681034895745,-28.2,-7.5,-4.0,-0.4825,20.0,-1.3654896969857298
Lab_Basophils_mean,2037.0,0.16423171330387823,0.3241783649387525,0.0,0.0,0.05,0.2,7.0,1.9739084395894033
Lab_Bicarbonate_mean,3776.0,21.51199947033898,5.060555800273506,6.0,18.0,21.0,24.5,45.0,0.2352433955407569
"Lab_Calcium, Total_mean",3673.0,7.905058535257282,0.865384108241589,3.8,7.35,7.85,8.4,16.6,0.10947219484610984
Lab_Calculated Total CO2_mean,2400.0,22.13013333333333,5.730333486485164,6.5,18.29,21.73,25.365,50.5,0.25893804615509913
Lab_Creatine Kinase (CK)_mean,1874.0,981.5631643543222,7128.39813120504,8.5,55.0,131.75,379.8325,163840.0,7.262291811749212
"Lab_Creatine Kinase, MB Isoenzyme_mean",1445.0,16.04773010380623,33.650784452817504,1.0,4.0,6.0,13.5,450.0,2.096918644265842
Lab_Eosinophils_mean,2037.0,0.7371919489445262,2.339212768056287,0.0,0.0,0.1,0.7,55.6,3.173139331493585
Lab_Free Calcium_mean,1537.0,1.084202992843201,0.10490462144449104,0.67,1.03,1.09,1.14,1.86,0.09675736198568352
Lab_Hematocrit_mean,3776.0,31.218487817796614,5.133707372023975,17.06,27.6,30.7,34.355000000000004,57.2,0.16444446002594082
Lab_Hemoglobin_mean,3746.0,10.319319273892152,1.763270535420197,5.55,9.035,10.17,11.4,19.0,0.17087081895811349
Lab_INR(PT)_mean,3154.0,1.8696036778693723,1.3530312264370383,0.9,1.2,1.45,1.9,28.13,0.7236994890697758
Lab_Lactate_mean,2711.0,2.66530062707488,2.3520987040617696,0.5,1.34,1.9,3.0,26.27,0.8824890821577438
Lab_Lactate Dehydrogenase (LD)_mean,1822.0,551.9794785949506,1478.560583395148,48.0,200.0,277.0,419.5,44466.67,2.678651364284023
Lab_Lymphocytes_mean,2037.0,9.862920962199311,12.07597963095692,0.0,3.67,7.0,11.47,100.0,1.2243816692072653
Lab_MCH_mean,3745.0,30.160491321762347,2.882922607472351,16.55,28.65,30.2,31.8,45.63,0.09558606246550679
Lab_MCHC_mean,3746.0,33.053278163374266,1.5910024838591157,26.45,32.0,33.13,34.1,44.8,0.04813448384741688
Lab_MCV_mean,3745.0,91.32802670226968,7.890655441759506,59.25,86.5,91.0,96.0,137.33,0.08639905762426166
Lab_Monocytes_mean,2037.0,4.16567501227295,3.686203889419333,0.0,2.0,3.3,5.0,48.0,0.884899536943954
Lab_Neutrophils_mean,2037.0,77.19572410407461,18.69616693557745,0.0,72.0,83.0,89.1,99.0,0.2421917425163528
Lab_Oxygen Saturation_mean,1578.0,83.28140050697085,13.344888006050345,1.4,75.0,85.0,94.5,234.17,0.16023851574077871
Lab_PT_mean,3154.0,18.826613823715917,9.600253046598162,9.8,13.9,15.8,19.5375,150.0,0.5099298863030115
Lab_PTT_mean,3122.0,41.276210762331836,19.869585308644314,18.9,29.755,35.115,44.6,150.0,0.48138104108086044
Lab_Phosphate_mean,3674.0,3.7648094719651604,1.52132074290246,0.1,2.73,3.5,4.4,13.9,0.4040897034049266
Lab_Protein_mean,810.0,81.97941975308642,109.0106799285107,25.0,30.0,30.0,100.0,500.0,1.3297322700848537
Lab_RDW_mean,3745.0,16.033022696929237,2.3751151222138476,11.65,14.3,15.57,17.3,29.95,0.14813894841356068
Lab_Specific Gravity_mean,1554.0,1.0179021879021877,0.008513507035029781,1.0,1.01,1.02,1.02,1.05,0.008363777125359574
Lab_Temperature_mean,1665.0,37.017027027027034,1.0701074329894604,26.7,36.4,37.0,37.7,41.1,0.028908519104144936
Lab_Troponin T_mean,1438.0,0.5200278164116828,1.603616172508749,0.01,0.04,0.1,0.29,24.2,3.083712297496097
Lab_White Blood Cells_mean,3751.0,14.241197014129565,11.47382905369614,0.1,8.0,12.3,18.2,386.7,0.8056786969741553
Lab_pCO2_mean,2400.0,40.429608333333334,10.623182990686901,13.5,34.0,39.0,45.0,118.0,0.2627575044284641
Lab_pH_mean,2985.0,6.8937420435510885,0.6921622930140665,5.0,6.75,7.17,7.34,9.0,0.10040443762492765
Lab_pO2_mean,2400.0,118.07565833333332,58.89773280755989,19.0,79.9025,106.55,142.85000000000002,516.0,0.49881350346816383
Lab_Alanine Aminotransferase (ALT)_min,2313.0,125.92001729355815,446.91486856208667,1.0,19.0,35.0,79.0,12020.0,3.5491963721716395
Lab_Albumin_min,1819.0,2.681583287520616,0.6061533751980571,1.0,2.3,2.7,3.1,5.3,0.22604309104212264
Lab_Alkaline Phosphatase_min,2291.0,148.91837625491053,168.35361741354694,13.0,67.0,100.0,161.0,1969.0,1.1305093545028198
Lab_Anion Gap_min,3773.0,14.121388815266366,4.006370984200766,-4.0,12.0,13.0,16.0,47.0,0.2837094167302832
Lab_Asparate Aminotransferase (AST)_min,2314.0,194.23898012100258,662.240786262862,4.0,27.0,48.0,111.0,11570.0,3.4094123942079717
Lab_Base Excess_min,2400.0,-6.08375,6.682091008504424,-33.0,-10.0,-5.0,-1.0,19.0,-1.0983506897069115
Lab_Basophils_min,2037.0,0.13676975945017184,0.2682768496965324,0.0,0.0,0.0,0.2,3.0,1.9615216899922343
Lab_Bicarbonate_min,3776.0,20.42282838983051,5.489237445510207,5.0,17.0,20.0,24.0,45.0,0.26877949227853065
"Lab_Calcium, Total_min",3673.0,7.67296487884563,0.9724339749514174,1.8,7.1,7.7,8.2,16.6,0.12673510048669956
Lab_Calculated Total CO2_min,2400.0,20.32125,6.174863196375745,2.0,16.0,20.0,24.0,50.0,0.3038623704927475
Lab_Creatine Kinase (CK)_min,1874.0,741.145144076841,4945.032641357402,8.0,48.25,113.0,317.0,124660.0,6.6721514414249565
"Lab_Creatine Kinase, MB Isoenzyme_min",1445.0,12.953425605536333,26.85897503349487,1.0,3.0,6.0,11.0,450.0,2.073503631503875
Lab_Eosinophils_min,2037.0,0.6732940598919981,2.3096393203713554,0.0,0.0,0.0,0.6,55.6,3.430357488586548
Lab_Free Calcium_min,1537.0,1.0364606376057255,0.1280831889822147,0.45,0.98,1.05,1.11,1.86,0.12357747543417869
Lab_Hematocrit_min,3776.0,29.89647775423729,5.4781565796377425,7.3,26.0,29.5,33.3,54.6,0.18323752465660648
Lab_Hemoglobin_min,3746.0,9.951227976508276,1.8368036432474895,2.9,8.7,9.8,11.1,18.3,0.18458060126685932
Lab_INR(PT)_min,3154.0,1.7296766011414075,1.1000738478416405,0.6,1.2,1.4,1.8,18.8,0.6359997279929125
Lab_Lactate_min,2711.0,2.07649575802287,1.814830754584696,0.1,1.1,1.6,2.3,24.6,0.8739872198499854
Lab_Lactate Dehydrogenase (LD)_min,1822.0,499.45938529088914,1311.6671184397771,38.0,194.0,265.0,392.75,40050.0,2.6261737331772266
Lab_Lymphocytes_min,2037.0,9.323171330387826,11.884320172780509,0.0,3.0,6.4,11.0,100.0,1.2747079026687955
Lab_MCH_min,3745.0,29.939839786381842,2.872079336981213,16.5,28.4,30.0,31.6,45.0,0.09592834689407992
Lab_MCHC_min,3746.0,32.741190603310194,1.6089896231649234,25.5,31.8,32.8,33.7,43.8,0.04914267299131913
Lab_MCV_min,3745.0,90.71279038718292,7.843699451440211,58.0,86.0,90.0,95.0,136.0,0.08646740352668582
Lab_Monocytes_min,2037.0,3.885125184094256,3.5845621903932217,0.0,2.0,3.0,5.0,39.0,0.9226375008631531
Lab_Neutrophils_min,2037.0,76.1074619538537,19.483150074520236,0.0,71.0,82.0,89.0,99.0,0.2559952674066765
Lab_Oxygen Saturation_min,1578.0,77.81917617237009,15.606986861328469,1.06,68.0,78.0,93.0,100.0,0.20055451148389017
Lab_PT_min,3154.0,17.85890615091947,8.347807624927123,8.4,13.7,15.3,18.6,150.0,0.46743107077122603
Lab_PTT_min,3122.0,36.94974375400385,15.876083798641293,18.0,28.6,33.1,39.4,150.0,0.42966695261373694
Lab_Phosphate_min,3674.0,3.424414806750136,1.4734625032180204,0.1,2.4,3.2,4.1,13.9,0.4302815477592146
Lab_Protein_min,810.0,78.88271604938272,107.42671551554716,25.0,30.0,30.0,100.0,500.0,1.3618536594036026
Lab_RDW_min,3745.0,15.897890520694258,2.3498689120053826,11.5,14.2,15.4,17.1,29.0,0.14781010782195048
Lab_Specific Gravity_min,1554.0,1.0168498712998713,0.00811544460058735,1.002,1.011,1.015,1.02,1.05,0.007980966344828387
Lab_Temperature_min,1665.0,36.629849849849855,1.2261686101896683,18.9,36.1,36.7,37.3,41.1,0.03347457374834678
Lab_Troponin T_min,1438.0,0.42584144645340755,1.362962289171936,0.01,0.03,0.08499999999999999,0.24,24.2,3.2006332416050096
Lab_White Blood Cells_min,3751.0,12.851199680085312,10.244055642194834,0.1,7.0,11.1,16.7,310.8,0.7971283535551468
Lab_pCO2_min,2400.0,35.58375,9.699984019316204,8.0,29.0,35.0,41.0,99.0,0.2725958905207069
Lab_pH_min,2985.0,6.358566164154103,1.02653577210689,5.0,5.0,6.98,7.29,9.0,0.16144139191220522
Lab_pO2_min,2400.0,79.67625,48.225784824147254,0.0,48.0,70.0,95.0,516.0,0.6052717694940117
Vital_Ambulatory aid_max,1554.0,0.3088803088803089,2.1308964179282013,0.0,0.0,0.0,0.0,15.0,6.898777153042552
Vital_Carbon Dioxide_max,1578.0,21.783903675538657,5.091260441286986,6.0,18.0,21.0,24.0,50.0,0.23371662476657057
Vital_GCS - Eye Opening_max,1598.0,3.563204005006258,0.8722811396900582,1.0,4.0,4.0,4.0,4.0,0.24480246948098225
Vital_GCS - Motor Response_max,1595.0,5.527272727272727,1.1542196971926229,1.0,6.0,6.0,6.0,6.0,0.20882264258419164
Vital_GCS - Verbal Response_max,1595.0,3.4877742946708463,1.8582974761534492,1.0,1.0,5.0,5.0,5.0,0.5328032490499284
Vital_GCS Total_max,1556.0,12.137532133676093,3.4935464731962282,3.0,10.0,14.0,15.0,15.0,0.2878300493642556
Vital_Gait/Transferring_max,1555.0,1.1382636655948553,4.033743874776261,0.0,0.0,0.0,0.0,20.0,3.5437693363147376
Vital_Heart Rate_max,3166.0,111.58433354390398,28.37924715662046,52.0,95.0,110.0,126.0,941.0,0.25433003231994356
Vital_Hematocrit_max,1578.0,32.85076046836089,5.152362426077027,21.100000381469727,29.100000381469727,32.400001525878906,36.0,52.900001525878906,0.15684149628862787
Vital_Hemoglobin_max,1556.0,10.73991002491017,1.786190601699922,5.599999904632568,9.5,10.600000381469728,11.899999618530272,16.799999237060547,0.1663133673892079
Vital_IV/Saline lock_max,1555.0,19.858520900321544,1.6767151264398172,0.0,20.0,20.0,20.0,20.0,0.08443303178801541
Vital_Mental status_max,1554.0,10.762548262548263,6.755378973808126,0.0,0.0,15.0,15.0,15.0,0.6276746741583156
Vital_NBP Mean_max,1447.0,89.38516053975493,18.850149541463676,0.0,77.0,87.33329772949219,99.0,228.0,0.2108867895703995
Vital_NBP [Diastolic]_max,1450.0,74.23172413793104,18.300349412120447,0.0,62.0,73.0,85.0,183.0,0.24653003314480887
Vital_NBP [Systolic]_max,1453.0,131.71782518926358,24.153239952967354,0.0,117.0,130.0,145.0,249.0,0.18337108070423944
Vital_Non Invasive Blood Pressure diastolic_max,1536.0,86.80989583333333,180.08745340165493,31.0,67.0,77.0,91.0,5218.0,2.074503738000165
Vital_Non Invasive Blood Pressure mean_max,1534.0,96.76401564537157,149.15786340332417,39.0,78.0,89.0,103.0,5864.0,1.5414600397524811
Vital_Non Invasive Blood Pressure systolic_max,1536.0,133.93098958333334,24.045351896258026,62.0,118.0,131.0,146.0,259.0,0.17953538588092596
Vital_O2 saturation pulseoxymetry_max,1601.0,99.42848219862586,1.6351722408783833,69.0,99.0,100.0,100.0,100.0,0.016445712583762866
Vital_Phosphorous(2.7-4.5)_max,1549.0,4.182440283824314,1.8093216817467073,0.1000000014901161,2.900000095367432,3.799999952316284,5.0,17.899999618530273,0.4325995253881571
Vital_Respiratory Rate_max,3164.0,29.740834386852086,8.113475249163345,10.0,25.0,29.0,33.0,120.0,0.27280590529599175
Vital_Secondary diagnosis_max,1554.0,14.073359073359073,3.6123880960337047,0.0,15.0,15.0,15.0,15.0,0.25668272067838943
Vital_SpO2_max,1557.0,99.37700706486834,2.9275415048814057,16.0,100.0,100.0,100.0,100.0,0.02945894217734343
Vital_WBC_max,1550.0,16.790399999999998,11.635125747637245,0.1,9.7,14.6,21.8,186.6,0.6929629876380102
"Vital_WBC   (4-11,000)_max",1558.0,16.79474967907574,11.686321677758714,0.1,9.7,14.6,21.775,186.6,0.6958318463250739
"Vital_WBC (4-11,000)_max",1558.0,16.79474967907574,11.686321677758714,0.1,9.7,14.6,21.775,186.6,0.6958318463250739
Vital_Ambulatory aid_mean,1554.0,0.13593951093951093,1.078187790089483,0.0,0.0,0.0,0.0,15.0,7.9313790570369544
Vital_Carbon Dioxide_mean,1578.0,20.675171102661597,5.125773375540669,6.0,17.33,20.33,23.6275,45.0,0.2479192723527598
Vital_GCS - Eye Opening_mean,1598.0,3.126320400500626,0.9959942198039541,1.0,2.43,3.5,4.0,4.0,0.3185835398203149
Vital_GCS - Motor Response_mean,1595.0,5.0408025078369905,1.4110167394079816,1.0,4.5,5.83,6.0,6.0,0.27991906788934073
Vital_GCS - Verbal Response_mean,1595.0,3.0830909090909095,1.7694871734063478,1.0,1.0,3.6,5.0,5.0,0.5739328568576347
Vital_GCS Total_mean,1556.0,10.828046272493573,3.8254795181569348,3.0,7.8225,11.0,14.83,15.0,0.3532936064260068
Vital_Gait/Transferring_mean,1555.0,0.530128617363344,2.121945480402279,0.0,0.0,0.0,0.0,20.0,4.002699365591732
Vital_Heart Rate_mean,3166.0,91.71143714466204,17.682001348208253,40.56,78.395,90.745,104.17,158.5,0.19280039544378041
Vital_Hematocrit_mean,1578.0,31.145506970849176,4.829491587585741,18.93,27.75,30.54,34.1,52.9,0.1550622242914823
Vital_Hemoglobin_mean,1556.0,10.351709511568124,1.6967677713532396,5.55,9.1,10.16,11.4,16.6,0.16391184175493786
Vital_IV/Saline lock_mean,1555.0,19.28464308681672,2.686286001513239,0.0,20.0,20.0,20.0,20.0,0.13929664082555024
Vital_Mental status_mean,1554.0,9.358391248391248,6.5753778939497085,0.0,0.0,15.0,15.0,15.0,0.7026184009009078
Vital_NBP Mean_mean,1447.0,70.06398756046994,11.126409764804638,0.0,62.879999999999995,69.1,75.63499999999999,130.31,0.15880354733167018
Vital_NBP [Diastolic]_mean,1450.0,53.80550344827586,11.24630551045825,0.0,46.5375,53.385,60.31,110.25,0.2090177544992124
Vital_NBP [Systolic]_mean,1453.0,106.62201651754991,17.043334999364237,0.0,97.25,105.38,115.14,181.0,0.1598481772904653
Vital_Non Invasive Blood Pressure diastolic_mean,1536.0,58.79251953125001,45.285019220822186,26.29,50.87,57.285,63.14,1776.67,0.7702513786086651
Vital_Non Invasive Blood Pressure mean_mean,1534.0,69.35178617992177,10.730211456600957,37.33,62.88,68.735,74.19500000000001,232.26,0.1547214866068942
Vital_Non Invasive Blood Pressure systolic_mean,1536.0,107.02389322916666,14.404742195954594,58.0,98.4,105.545,113.125,185.61,0.13459370390413852
Vital_O2 saturation pulseoxymetry_mean,1601.0,96.45613991255465,3.6011632447602606,54.67,95.58,97.0,98.35,100.0,0.03733472278721716
Vital_Phosphorous(2.7-4.5)_mean,1549.0,3.810948999354422,1.600999143980142,0.1,2.7,3.5,4.5,13.9,0.4201051087934666
Vital_Respiratory Rate_mean,3164.0,21.232420986093555,4.73674804022762,8.59,17.8375,20.79,24.13,41.52,0.22309034110288287
Vital_Secondary diagnosis_mean,1554.0,13.795366795366796,3.837358859178865,0.0,15.0,15.0,15.0,15.0,0.2781628728036177
Vital_SpO2_mean,1557.0,96.2966859344894,5.147910893532624,16.0,95.75,97.31,98.65,100.0,0.053458858356088663
Vital_WBC_mean,1550.0,15.258477419354838,10.50645711279873,0.1,8.94,13.385,20.0,172.2,0.6885652364941511
"Vital_WBC   (4-11,000)_mean",1558.0,15.26653401797176,10.572688117472767,0.1,8.91,13.3,20.0,172.2,0.6925401734949532
"Vital_WBC (4-11,000)_mean",1558.0,15.26653401797176,10.572688117472767,0.1,8.91,13.3,20.0,172.2,0.6925401734949532
Vital_Ambulatory aid_min,1554.0,0.03861003861003861,0.760284031076188,0.0,0.0,0.0,0.0,15.0,19.69135640487327
Vital_Carbon Dioxide_min,1578.0,19.58529784537389,5.45181108232578,5.0,16.0,19.0,23.0,45.0,0.27836242907143305
Vital_GCS - Eye Opening_min,1598.0,2.6282853566958697,1.246962873118665,1.0,1.0,3.0,4.0,4.0,0.47443968362943495
Vital_GCS - Motor Response_min,1595.0,4.386833855799373,2.015050570672174,1.0,4.0,5.0,6.0,6.0,0.4593405259714331
Vital_GCS - Verbal Response_min,1595.0,2.739811912225705,1.8610822972595713,1.0,1.0,1.0,5.0,5.0,0.6792737446519488
Vital_GCS Total_min,1556.0,9.330976863753213,4.600611375222989,3.0,6.0,9.0,14.0,15.0,0.4930471313345941
Vital_Gait/Transferring_min,1555.0,0.12861736334405144,1.4292127161436199,0.0,0.0,0.0,0.0,20.0,11.112128868016645
Vital_Heart Rate_min,3166.0,75.09096651926721,19.59459416732411,0.0,64.0,75.0,87.0,135.0,0.2609447590782632
Vital_Hematocrit_min,1578.0,29.373384023045105,5.362507656457754,0.0,25.700000762939453,29.0,32.5,52.900001525878906,0.18256349531434848
Vital_Hemoglobin_min,1556.0,9.949871468360136,1.777470637192711,4.099999904632568,8.699999809265137,9.800000190734863,11.100000381469728,16.600000381469727,0.1786425727050784
Vital_IV/Saline lock_min,1555.0,18.225080385852092,5.689364519783013,0.0,20.0,20.0,20.0,20.0,0.3121722592894349
Vital_Mental status_min,1554.0,7.683397683397684,7.500170921436466,0.0,0.0,15.0,15.0,15.0,0.9761528988201229
Vital_NBP Mean_min,1447.0,54.0703984461596,14.229026868413465,0.0,47.333301544189446,54.66669845581056,62.0,115.0,0.2631574258248155
Vital_NBP [Diastolic]_min,1450.0,37.139310344827585,14.92696411307701,0.0,30.0,38.0,47.0,95.0,0.40191818249947386
Vital_NBP [Systolic]_min,1453.0,81.50127322780044,26.323458414693928,0.0,75.0,85.0,95.0,181.0,0.32298217404675933
Vital_Non Invasive Blood Pressure diastolic_min,1536.0,41.630859375,11.647026357587954,11.0,34.0,42.0,49.0,91.0,0.27976905911728983
Vital_Non Invasive Blood Pressure mean_min,1534.0,52.67796610169491,11.811547945784342,0.0,46.0,53.0,59.0,111.0,0.22422179176360238
Vital_Non Invasive Blood Pressure systolic_min,1536.0,84.28580729166667,15.906517022208908,32.0,76.0,83.5,92.0,164.0,0.18872118015272998
Vital_O2 saturation pulseoxymetry_min,1601.0,89.526545908807,10.62565062122305,0.0,89.0,92.0,94.0,100.0,0.11868715042403723
Vital_Phosphorous(2.7-4.5)_min,1549.0,3.4392511320400807,1.5321982519642519,0.1000000014901161,2.400000095367432,3.200000047683716,4.199999809265137,13.899999618530272,0.44550345210045444
Vital_Respiratory Rate_min,3164.0,13.163084702907712,5.559264477255498,0.0,11.0,14.0,16.0,39.0,0.4223375145513925
Vital_Secondary diagnosis_min,1554.0,13.465250965250965,4.547426517049076,0.0,15.0,15.0,15.0,15.0,0.337715689724935
Vital_SpO2_min,1557.0,87.56775850995504,15.79178672416908,0.0,88.0,92.0,95.0,100.0,0.18033791195390492
Vital_WBC_min,1550.0,13.766212903225805,9.843050474987836,0.1,7.725,12.3,17.9,157.8,0.7150151275578003
"Vital_WBC   (4-11,000)_min",1558.0,13.77755455712452,9.92151554784494,0.1,7.7,12.3,17.9,157.8,0.7201216664908374
"Vital_WBC (4-11,000)_min",1558.0,13.77755455712452,9.92151554784494,0.1,7.7,12.3,17.9,157.8,0.7201216664908374
is_male,3876.0,0.5510835913312694,0.4974477956507444,0.0,0.0,1.0,1.0,1.0,0.9026721235684855
Vital_Temp_Unified_max,3148.0,37.95301255400228,9.958444920969644,0.0,36.88888973659939,37.5,38.29999923706056,536.3888888888889,0.2623887868400447
Vital_Temp_Unified_mean,3148.0,36.890012353522515,3.3650130994033938,0.0,36.288888888888884,36.79444444444445,37.361111111111114,119.83333333333333,0.09121745656130362
Vital_Temp_Unified_min,3148.0,36.014233034848324,3.2830373051180657,-17.77777777777778,35.55555555555556,36.111111111111114,36.6111119588216,98.3,0.09115943971210805
Vital_Respiratory Rate (Total) Unified_mean,1630.0,21.84849079754601,5.50214595600256,0.0,17.677500000000002,21.29,25.29,53.0,0.2518318545196977
Vital_Respiratory Rate (Total) Unified_min,1630.0,18.07239263803681,5.440986355072989,-1.0,14.0,17.0,21.0,53.0,0.30106618775100047
Vital_Respiratory Rate (Total) Unified_max,1630.0,25.88588957055215,8.15559159813722,0.0,21.0,25.0,30.0,211.0,0.3150593521582136
Vital_Mean Arterial Pressure Unified_mean,1635.0,74.05192864424058,24.16663883067244,-22.86,67.78999999999999,73.5,80.0,414.22,0.32634719004785856
Vital_Mean Arterial Pressure Unified_min,1635.0,51.35188582845176,26.37502435440931,-39.0,49.0,57.0,63.0,352.0,0.513613549510505
Vital_Mean Arterial Pressure Unified_max,1635.0,112.08583078258019,235.3398901697729,-21.0,84.0,94.0,110.0,9381.0,2.0996399681086917
Lab_Sodium_Unified_max,3780.0,139.8920634920635,5.840428168555029,117.0,137.0,140.0,143.0,182.0,0.04174953190883752
Lab_Sodium_Unified_mean,3780.0,138.77936243386245,5.563001053925534,115.25,135.67,139.0,141.67,171.6,0.04008521840973778
Lab_Sodium_Unified_min,3780.0,137.66746031746032,5.604240767991442,109.0,134.0,138.0,141.0,166.0,0.040708536026364525
Lab_Creatinine_Unified_max,3782.0,2.0441829719725013,1.8313822998243403,0.1,0.9,1.4,2.4,22.0,0.8958994008531328
Lab_Creatinine_Unified_mean,3782.0,1.9201189846641988,1.7163283272322278,0.1,0.9,1.35,2.28,18.58,0.8938656098608332
Lab_Creatinine_Unified_min,3782.0,1.79672131147541,1.6208147000985689,0.1,0.8,1.3,2.1,15.7,0.9020957728650794
Lab_Chloride_Unified_max,3778.0,107.58946532556908,7.511640612864698,81.0,103.0,108.0,112.0,155.0,0.06981762192175822
Lab_Chloride_Unified_mean,3778.0,106.23722339862361,7.232879577868037,80.5,101.5,106.0,110.845,152.25,0.06808234766009279
Lab_Chloride_Unified_min,3778.0,104.89227104287983,7.340523245896777,68.0,100.0,105.0,109.75,150.0,0.06998154556970151
Lab_Potassium_Unified_max,3789.0,4.427711797307996,0.8050117338114343,2.0,3.9,4.3,4.8,12.7,0.18181213472405167
Lab_Potassium_Unified_mean,3789.0,4.164864080232251,0.6485710584808547,2.0,3.7,4.08,4.53,7.35,0.15572442365146466
Lab_Potassium_Unified_min,3789.0,3.912087622063869,0.6493694421225729,1.8,3.5,3.9,4.3,7.0,0.16599051576968263
Lab_Magnesium_Unified_max,3706.0,2.1397463572585,0.5842132237836527,0.8,1.9,2.1,2.4,24.6,0.2730291942322371
Lab_Magnesium_Unified_mean,3706.0,1.9717943874797625,0.3723231104870683,0.8,1.75,1.95,2.15,6.54,0.18882451073560003
Lab_Magnesium_Unified_min,3706.0,1.807447382622774,0.41719274284203256,0.2,1.5,1.8,2.0,4.5,0.23081874850301157
Lab_Bilirubin_Unified_max,2332.0,2.7725128644939967,5.222790537782512,0.0,0.4,0.9,2.5,60.5,1.8837750420089423
Lab_Bilirubin_Unified_mean,2332.0,2.638391938250429,5.044818336721605,0.0,0.4,0.89,2.3,57.55,1.9120807123398527
Lab_Bilirubin_Unified_min,2332.0,2.50746140651801,4.895713381274879,0.0,0.4,0.8,2.1,54.6,1.952458119015805
Lab_Glucose_Unified_max,3783.0,164.83399418450963,87.39169734458055,21.0,111.0,141.0,193.0,1038.0,0.5301800625346567
Lab_Glucose_Unified_mean,3783.0,140.48242400211473,59.20056194991381,21.0,103.0,127.0,162.0,816.0,0.42140902942436875
Lab_Glucose_Unified_min,3783.0,118.7745175786413,50.31822230990502,8.0,90.0,109.0,137.0,672.0,0.42364493104835416
Lab_Urea_Unified_max,3782.0,38.5888418826018,27.139260251624535,3.0,19.0,31.0,51.0,240.0,0.7032929449966356
Lab_Urea_Unified_mean,3782.0,36.612855631940775,25.91395306977509,2.5,18.0,29.5,48.0,213.33,0.7077828981787467
Lab_Urea_Unified_min,3782.0,34.65600211528292,25.000499644581062,2.0,17.0,28.0,46.0,182.0,0.7213901811702659
Lab_Red_Blood_Cells_Unified_max,3745.0,3.5649799732977305,0.6510573712973509,1.76,3.12,3.51,3.96,6.31,0.1826258144993449
Lab_Red_Blood_Cells_Unified_mean,3745.0,3.4460854472630174,0.6263622361034197,1.73,3.01,3.4,3.83,6.06,0.1817605064322752
Lab_Red_Blood_Cells_Unified_min,3745.0,3.3234659546061414,0.6501813956104647,0.93,2.89,3.27,3.73,6.04,0.19563353573980471
Lab_Platelets_Unified_max,3752.0,228.32329424307036,142.02847109644938,12.0,131.0,202.0,292.0,1418.0,0.6220498507053227
Lab_Platelets_Unified_mean,3752.0,215.42983208955224,134.71090088905308,11.6,122.5,192.58499999999998,279.0,1254.33,0.6253121936847399
Lab_Platelets_Unified_min,3752.0,203.159381663113,130.69383031852942,5.0,112.0,182.0,267.0,1137.0,0.6433068916071577
